Relative_Compactness,Surface_Area,Wall_Area,Roof_Area,Overall_Height,Orientation,Glazing_Area,Glazing_Area_Distribution,Heating_Load,Cooling_Load
0.6460218265559116,858.1745946897851,401.8151587011926,156.57737971848297,7.0,270,0.19949820203441454,0,32.74134170331431,16.330267626849082
0.8436266157117925,748.2751522852066,264.4630544575639,218.1639872858319,7.0,0,0.098820897597229,4,6.44214149318726,30.619139399692127
0.6533563856743952,641.1305272252121,264.8657484096177,133.6262384646313,3.5,90,0.04064725756929808,3,6.283689149152914,18.498983489916633
0.6962358479861395,667.5657334581638,303.48937485659815,217.07307963150612,7.0,270,0.27222835616334884,2,38.620250132831636,23.793284089640142
0.7308556223244559,602.5957017513784,339.2960705096124,182.15113445198728,7.0,90,0.252550762441785,2,24.0173558095858,38.59250850470415
0.9436549963794391,518.2799421073322,296.8242163925813,125.13178593709645,3.5,180,0.1347832031155677,1,9.048560231728183,39.71612874550665
0.8664360852392103,519.6970971808281,325.5059779824572,205.47418360355937,3.5,90,0.2379880561539582,3,15.604378084674655,14.987169522009516
0.8164648849133616,838.449764198734,403.3315466366532,173.256097575311,3.5,180,0.21861633748725862,0,34.97621613727506,21.81129416252067
0.6116055297697441,645.4528502536408,319.40261714994887,189.65237168169324,3.5,90,0.19341821600619144,2,6.367957673442852,31.971566316692584
0.8934993185121132,758.3556337798457,389.7212722897126,133.24099032062375,7.0,90,0.3151172662732993,3,36.63011079199514,18.13160291234605
0.7579800073724023,732.3412462185605,390.506860699879,212.70818857348024,3.5,0,0.2800569014198319,1,29.10251798941748,11.32611598694545
0.9208188474514666,677.9612933181505,283.8551056058075,126.37391115803324,7.0,0,0.24584642990332412,2,21.65307215087717,30.402452624444834
0.7017684503439517,627.4077025570891,392.65386636885603,189.24280783786128,3.5,270,0.04843504635482159,4,36.038937471425015,21.918612716937634
0.6227539746604607,680.3092177325753,353.55183945290725,153.9212955423533,3.5,0,0.2541697316377109,1,6.321611908707913,44.823853596708304
0.9466594563596801,701.6667543631454,290.0988580076351,154.18851852383918,3.5,90,0.04014668146754068,3,24.369910256905047,35.02864187222763
0.6884115983537485,853.9268292102205,311.68687739288976,207.44989271805903,7.0,180,0.32742164170475974,3,12.210994178948154,24.718844293208157
0.7619957792189038,611.5890150479362,410.7699444400167,121.89012954951589,3.5,270,0.0896740855676495,5,22.725457061894936,31.252689370133403
0.7264385884072835,548.331883801668,245.97255379499708,149.5902504144792,3.5,0,0.08396568516163012,4,40.21658196291678,35.3414873143127
0.6306650799985789,898.3155427577351,248.9521649379173,173.77067214268388,7.0,180,0.08348126786777876,0,14.618421429645911,29.832887054205077
0.9372898776918819,693.4876214991514,359.2907562502765,172.46090384264716,7.0,90,0.1543883544116084,5,10.93122218460683,42.30946390399104
0.9395756590979446,803.1909499694992,290.47243533859876,168.65632722352828,3.5,0,0.3693495170919452,3,21.978207173344806,31.942003884948264
0.9885860365741552,523.8896909668291,295.0825931979131,157.07384632256534,3.5,0,0.06956654212107596,3,10.283358410259561,36.61383904383931
0.7541507657580552,772.0567598525246,395.28091578230817,190.37265344821847,3.5,90,0.37778015946085014,5,18.498001682853932,20.364917681393614
0.9817952500434661,542.1190525069719,361.6145374327189,131.80271048807552,3.5,270,0.37281751298356586,1,25.738546130841023,39.064868329158315
0.7783033443358875,663.5836599356896,294.9318103643936,115.32190606839835,3.5,90,0.1593824823221629,4,13.151261910772686,34.13059128901109
0.8678898606887231,709.3929604864953,374.35015391710044,164.35918949139918,3.5,0,0.26061803284764296,5,36.78796807657068,32.950386752922014
0.6330000198788621,658.606381226046,266.6532310031404,215.1904458141207,3.5,180,0.35020088409323397,0,15.106799654138156,30.434882716338628
0.9588394319926137,637.167904373918,295.54046547206053,159.47537184870455,7.0,0,0.3388801610044464,1,13.143967049799729,37.91128781301425
0.719201400275505,871.4329349601778,367.7522114140957,115.73611130425293,7.0,270,0.39730828196849055,0,7.936828404942477,28.988782308900458
0.7049219290385526,620.6863170691983,403.06705405848487,219.94027117458734,3.5,90,0.34350154561951024,0,14.659719478047055,31.13069051446169
0.6020518196257828,598.9308075726505,265.5190027736689,120.70528991129439,7.0,90,0.2756289924006935,1,36.07440475993867,37.881692054932174
0.8172810061121624,896.8983565799384,357.9711489381498,205.36660868505606,7.0,270,0.19908903669024172,4,13.458392430349635,21.920074479409056
0.7902385468029013,677.0380520013854,315.33566537592117,208.0099514137236,7.0,270,0.10687524926267199,0,15.458613707461108,38.75387754918104
0.854549471028609,757.5774217844538,268.1346849330911,202.54547843145264,3.5,270,0.3579039212956009,1,41.426561390689386,12.562330843638872
0.9912816536328024,869.3737637986443,260.00685040726273,200.46742899317564,3.5,0,0.1513323902612724,3,32.165400087638865,14.66716024033377
0.963465103132435,791.2277832448814,271.3227692179106,197.42610663136927,7.0,90,0.0881757515006087,3,21.871759901610638,30.780155997296788
0.9640612303120626,678.3442335435823,358.94108901271403,174.04743758689165,7.0,270,0.026275813199390943,3,42.534533153267525,22.956735657334256
0.8101022684428582,856.3280753181076,311.0589919912133,154.4964396867773,3.5,90,0.2317039304216546,2,13.608115633092163,45.27654442856357
0.6416075799419051,823.1282440715592,278.60768239167396,210.47013498357603,3.5,0,0.38350953693579276,0,36.73218503761822,35.00425514148664
0.6723658381031604,859.0853672487337,350.192824763112,196.68758969696736,3.5,270,0.3820295740822144,2,32.28969943558808,47.9548626917207
0.9812160883946967,818.2445976214308,397.22415357210883,215.15876573656934,3.5,0,0.35929068874450576,2,36.318279284141674,41.251416988334434
0.7647811933545434,831.6111430206489,387.6524576482776,120.90212936539208,7.0,180,0.2992849530367016,5,40.14336908413834,34.78332509814869
0.9460068482428727,880.306330785052,316.883715413003,167.56673506948366,7.0,270,0.07692759541879722,5,33.78744745367425,28.28578034292929
0.8688709117904705,602.7570809328813,390.45468493705977,212.26508473864033,7.0,0,0.37799386535553686,3,29.757234801840166,31.845304557283704
0.8515143183528645,707.4691521600265,293.7203929384078,111.12337053973785,3.5,270,0.3048043432541069,5,21.958056660419007,46.87019290577186
0.7102235106595808,688.1906265605805,253.07685157840123,184.22746576039282,3.5,270,0.018556242434246608,0,21.33695767605607,41.57630023511544
0.958698907896345,613.102215603111,396.99325602437796,186.87573343937197,7.0,90,0.20698602913321054,0,39.20009272481637,42.163616293177775
0.682756548537346,725.2352603834031,335.55388263223506,163.12332260625806,7.0,90,0.10179813284189386,1,21.9813099427075,35.75448200183295
0.761762097230163,679.8535369169789,272.45333266995806,197.59595991325622,3.5,90,0.3953474410671314,3,9.086501662261826,41.72532332914391
0.9974289969576414,816.4235854149181,380.64735790459105,131.8948428372218,7.0,270,0.08969536673778832,3,32.61875415143613,32.09490761224456
0.8942908326028483,635.1625190405723,286.9307988430777,183.8798264261789,3.5,0,0.3975475898576241,1,37.410206618605976,41.5035418139567
0.778024564995873,785.3008557588228,342.7347342716857,133.7495132341207,7.0,0,0.3360596391676016,2,36.86340889262869,32.795585194733995
0.824265267777494,788.3634075853788,412.40668399231663,219.97419618626017,3.5,90,0.15889711439366283,1,35.0136649159347,31.157837424734744
0.764502195634654,531.5254199614889,251.0531368996163,170.9063099710626,7.0,180,0.2545593348917526,5,17.184410532282694,18.865418296868285
0.8907951967871954,579.6737203409623,350.2431873601061,119.50109483635235,7.0,0,0.34642753846622065,4,15.937616211011704,17.827870512669833
0.7596787543616299,626.0632784199291,284.4239417692854,202.8586721002994,3.5,180,0.28342357346021857,4,10.058213621048877,30.24582694010227
0.8680580658809527,799.0767973081919,263.05191687409666,157.299672535613,3.5,180,0.32251364570349994,0,6.958218470650569,31.088721431005386
0.8818862431522165,868.9636842859207,324.72117289654483,147.26737612806102,7.0,0,0.12052336358708399,0,16.96463247930399,31.81741206358009
0.8438239485036183,847.5335366772812,409.7617120195606,190.08266470551183,3.5,0,0.21493285241362015,3,27.297955418795024,18.685398271590053
0.8160137856726624,665.7704588061334,348.54454420112273,202.1936085157646,7.0,180,0.2976821424601667,5,25.76590647789647,27.91845899285659
0.6824327403653206,597.8821217365269,366.2018514957366,195.8969096560106,7.0,90,0.01944308235811403,2,18.27789663537893,46.9673242591037
0.6796645906490807,849.3783034283196,293.2110206025212,189.86840386252584,7.0,180,0.10299465058900653,0,34.94101585629926,46.11817614492872
0.9182955459264177,758.6985581361414,356.54155580746107,185.92032169894367,7.0,270,0.10785362028847773,3,34.855198604788676,39.29805326532123
0.7161331111083026,635.937556514089,382.29851670815196,131.04990828865934,7.0,0,0.033982436166039465,5,35.01472900506764,38.594370990570546
0.8623851311295415,550.5945115867914,245.90811046368466,182.09371124954174,3.5,180,0.22309260896288047,3,17.85821023708929,43.32501503220925
0.7198467103228099,721.5893203280757,315.6633387560084,190.0497406453145,3.5,90,0.23884194225860267,5,8.100164486566051,16.91872554183691
0.6577913513691315,806.1830760683773,340.5287374808389,184.22807589484472,3.5,90,0.04694984076274183,3,8.435972961288881,37.45597276920411
0.7615826667921878,889.2922838048845,271.298251454492,111.28712880020998,3.5,180,0.053178935142649354,4,31.764207478377067,17.1357004205756
0.7241078107378359,743.4350183691485,297.75923269296663,122.98498394027108,3.5,90,0.23388047401076895,2,33.763015647727705,40.27243703366431
0.6973592065123849,673.413431180362,379.9828300291934,176.3569615154738,3.5,0,0.32975831194780864,4,41.95619537566488,30.712103044055198
0.8352416170633504,549.2132410981766,390.12909878756284,212.0001298908785,7.0,0,0.32495568568329647,3,18.534707634676877,11.392173036295924
0.6981373011853439,744.735218769216,245.66688495428602,195.9444533226948,7.0,270,0.11722823710073645,2,22.27670316725091,46.3575418323747
0.8991082447171452,632.2776115913705,285.90120369261376,125.34777912689711,3.5,0,0.23611738133683213,5,22.019065673539835,27.040063785858067
0.8880586591416891,698.7953534903797,296.88632694844233,182.76845501144265,7.0,180,0.024734998038300572,2,31.345215313806683,45.332810292986316
0.8781043467820372,738.1937224114477,414.9152522071933,135.8622374533755,7.0,90,0.12218744084253173,4,30.9601551015391,24.57887199326519
0.6410971114292846,859.5071715526711,288.80506141709157,182.644660938055,7.0,0,0.03883036684240842,0,13.249118570434844,47.451017714457734
0.9774569712737164,897.2476326611657,294.20442616622904,143.698541870039,3.5,180,0.14342652297726607,0,21.378560552428397,17.886019648028615
0.8013358531571128,772.4148354483577,277.1118896163631,126.01951885915241,7.0,90,0.07086475545176851,0,38.38835974692583,43.35176650201888
0.9598694477469651,827.3104285188439,383.13526528383693,146.85804270686353,7.0,90,0.31902663150274824,1,37.7833012248089,35.96319739777335
0.6794319537745256,520.0366313078366,358.4307625719677,180.08835372015935,3.5,180,0.2212381792934663,4,14.04155092098532,42.46918972218957
0.8377796747273722,639.9491064367353,349.5628525947189,156.85843047658588,7.0,270,0.09551839209739317,4,33.01326635899772,10.679976868908394
0.9861634326709053,742.5878248625769,283.319927246084,126.98994570427604,3.5,0,0.2858623175126808,0,39.048427360813385,33.15764490194716
0.9994792983586748,570.9383813633058,407.99429277570715,173.73929519407486,7.0,0,0.26851341242207755,0,26.323760155061148,15.226990483871328
0.6096674499922178,829.9369124600535,369.9541610572068,167.46496984998203,3.5,270,0.16448363331250576,4,34.832138597858545,11.527690837391969
0.7925213333821266,738.2814670825,377.61740896267685,199.05351988663975,3.5,270,0.3054370056783541,2,17.383161944635837,16.734976609513936
0.7165690758694432,888.604648684024,378.89158846094494,133.77646926382045,7.0,90,0.04292121859288165,0,9.78674803627765,24.75802861539692
0.6254882273269258,890.3521521261879,296.7101932808682,152.66734066379075,7.0,0,0.26523013347989444,1,14.057147417637456,46.76139967210516
0.8278497595772236,817.8565919386676,360.13271955096315,160.34999726634672,3.5,180,0.3311141468327518,2,26.744688758084475,30.28114704827926
0.6020333138796856,554.5546568578695,365.3214406545746,136.9741826288816,7.0,0,0.19122370830515548,0,16.972851980842616,23.330795232711402
0.8445110358680087,563.1258745128621,293.63286376696817,164.54368117595408,7.0,180,0.04202862673715546,4,35.09168541823377,19.650356016737916
0.9480725908138358,516.2011318028229,302.9837265805764,192.7046199234881,3.5,270,0.09452142136245555,3,33.08220175810589,23.362395500383467
0.9534405859895557,814.2000360023193,347.054420041701,194.74916267795462,7.0,270,0.1535339520770271,3,27.715132566884684,15.418697250698617
0.9817277932784153,561.9196775204582,267.9827284339079,189.39793358075286,7.0,270,0.3489847057203941,3,9.023533067389224,43.89600901468124
0.8959455279213897,652.4563499785402,266.76174811825376,158.08144687013547,7.0,180,0.12666368958794869,1,12.119235919929405,25.108396433462293
0.6738851830196355,601.6033297135488,372.1165232859562,155.09195623552606,3.5,90,0.38430341158547593,1,38.798006370994294,16.372934734599212
0.7738713284347221,669.3723418510838,288.5906446298083,126.81327451588263,3.5,270,0.024423829070912763,0,12.609020260936155,20.579940412189465
0.9543597982191494,868.1018770917686,402.7681104924355,112.63223425520398,3.5,0,0.36191589046763595,1,35.01387411010663,29.340019317709736
0.7020185121339185,856.913027243354,329.1962679375765,141.7054612896538,3.5,0,0.3296101881149833,5,19.981070808906605,21.439697761339705
0.7773250778915936,784.0626590728251,406.31386467011185,110.1046990949948,3.5,270,0.33160259243707685,3,16.80947617155787,37.988846089779386
0.846774790328358,703.1354314666186,342.05105272607256,137.26378280328785,7.0,270,0.3655799733656905,4,39.85369579628031,39.61490641988535
0.6413410043512617,804.8077175908776,300.0646285360859,161.8946513733458,3.5,270,0.1166569653813058,5,40.672813104295905,14.830402661883934
0.796043864427625,795.9118360524375,285.08449020289555,133.69773306398284,7.0,90,0.19265752151855398,1,38.76657336245356,10.300003976068528
0.6178817609742987,861.6385787997982,366.76571911256025,173.68306856258556,7.0,180,0.029297304546945704,1,24.905179496902782,30.55238909274071
0.7246509877236603,787.9903056571512,265.7750329414458,112.17683024522503,3.5,90,0.19104386901490364,2,28.590048077559032,44.671703324919605
0.90081587454641,558.9861333348985,260.00768008316163,111.13541550684323,7.0,180,0.16782894592636263,4,42.93204080943248,21.06082214876798
0.8861996346112259,702.7635848542056,393.68915887206435,134.5877368947724,3.5,90,0.285618128678978,4,21.669114472394888,47.32703528637641
0.9766216975033268,892.1823231645876,245.23071416006823,176.75237932883945,3.5,0,0.3415106961153951,2,37.84544721139235,33.80809070636293
0.9107581466835077,588.8791884478003,398.48660699242663,151.78984689196878,7.0,180,0.03004332226444131,3,36.98109926964296,47.282810947622515
0.6860914059948745,802.3821320418213,357.34856373766416,171.92177231697406,3.5,0,0.06742436995704515,0,26.270854598239545,41.53796836000882
0.9619884722533002,634.1276297609976,401.14370023903285,202.95509764839565,3.5,180,0.23067401199547338,0,40.11058777706538,12.096666378823514
0.8209056588045615,573.0060506943435,399.81747485499113,189.1321677771853,3.5,180,0.08973906025482355,5,24.729620802606537,27.996999321663633
0.9379591550307425,884.7871603237513,400.1993934636321,127.38214337395812,7.0,270,0.25607535595564407,5,7.854852012860631,23.088493709909695
0.9689957935092162,694.6188339214539,334.4093149084312,195.475039166518,3.5,270,0.0688568811029318,1,27.39194726826064,10.351709073199471
0.9315845115756567,531.9412221034573,248.7275860904427,139.987873390533,3.5,270,0.29528768334757566,2,40.98753810982885,35.021766543010955
0.7576791991838905,638.9939152729244,392.12820799594647,165.57792647388683,3.5,270,0.26756107853581707,0,35.30049350613648,31.08063411297926
0.8392752546328507,851.1423104997242,392.3361493513658,144.1677085290289,3.5,180,0.2508286056748845,5,35.44491565543185,30.237773926148556
0.77307923182544,590.2685095450323,348.4493548756813,208.50246346003874,3.5,180,0.36165588906760493,2,30.262649016320008,22.1450170157264
0.8776588542987803,533.3363695513679,247.9138310718041,138.1523556335774,7.0,90,0.09315321008291329,2,14.772578653710989,31.101648388800538
0.7938745958414506,580.4307671396223,373.20658045220614,137.17446368822576,3.5,90,0.2944206251466452,3,22.912671539435816,43.36970667208768
0.6513041366304293,766.0048312105747,400.0746900042809,156.61140217961656,7.0,0,0.29437533175936664,2,33.91518112810834,26.89508230361176
0.8577481986455254,901.2168056190849,274.973749466307,110.2430857177654,3.5,270,0.360624336494945,1,22.188654388096584,11.710634619864022
0.6818824864682621,568.1566884904367,326.5800291158545,145.942951353996,7.0,90,0.20141525904586294,1,29.30747407345571,41.28028510501782
0.8979828502128918,559.8840604901186,308.07653435150775,169.31285087580324,3.5,270,0.19757493897900572,4,31.683980862256657,29.603392239474978
0.642246882561033,617.3747771161171,266.2772298297662,137.02996108798376,7.0,270,0.36056918005830346,1,6.947505474432209,31.86383266214575
0.6029237974895699,567.5712823863988,351.3064211941399,114.62319066398797,7.0,270,0.00017267914241396733,4,38.59113658416276,23.55906529705767
0.7337955966211729,848.6559352673775,299.69305615163836,114.90963079291072,3.5,180,0.2801147245389643,4,19.267283678242862,27.96753342847
0.9877022015324224,816.0700448861603,401.47361655812483,133.85855860630275,3.5,180,0.23800882007879376,1,36.785029177925594,39.8346016654229
0.8803902757733217,833.8076437256474,414.3114811924887,215.13972422670693,3.5,90,0.16559575215970113,5,8.853649172983088,19.29201281868854
0.7654742138933345,689.3510749286297,405.4322351625533,208.2892767787796,7.0,0,0.001998081530683971,0,17.822498628165775,24.578207045993217
0.6483008682063149,891.6269667451664,388.92714204448714,143.07907927519685,7.0,270,0.3664651666164473,3,14.354812721442935,34.64397645777153
0.6241454177406215,822.6989338535766,367.96713880125327,192.86187805680962,7.0,180,0.32597249897570435,1,36.987844537004015,24.585532585319847
0.89048466950431,884.8228990027319,335.885570179604,173.93250203258737,3.5,90,0.14128124449032908,1,18.787543338753885,33.81117817303575
0.9621803937253894,577.8421605073137,351.72829026590034,168.5567437106574,3.5,180,0.026731061642753587,5,25.088673450111227,34.19221687240007
0.6064103671728476,810.0912674991652,394.6180801542407,201.60791084486962,3.5,180,0.348220477496717,3,29.250307673456906,21.798600509282277
0.8336563322854347,850.944781080362,375.0703773044205,153.69412737469798,3.5,90,0.13113836196883258,5,19.235054259901606,36.41638941632228
0.8914416200834205,623.0665806810031,353.4464682302608,146.69319122966263,7.0,180,0.12543158626896456,3,39.34574400450979,12.559722756973292
0.7168790177104033,548.2776349784855,375.75295488615785,150.82644301912018,3.5,90,0.025657416292917203,3,8.649617197577186,46.266345685397546
0.8091190465308975,686.8172149231782,264.6531828784674,201.38902214225615,3.5,180,0.13919137458612987,5,26.76203315867275,45.897636718166964
0.925940754500247,828.6724202448429,412.0495740630337,147.06116192256832,3.5,0,0.15081644693458685,4,41.53761699237666,31.472727520865092
0.8385307920707463,709.1265104515727,307.2841929046304,133.7172657978917,3.5,0,0.28811969510380153,5,27.78829590899486,34.68959519644205
0.7514221357806279,852.2727065816313,396.5638402636802,134.3703449976013,7.0,270,0.03136195713485668,4,17.802294285215634,36.142629540076165
0.6310231221979884,868.3691909392957,379.49906847667125,112.2904125547992,7.0,90,0.056447418574112486,4,25.44082516579501,37.42623333122672
0.7947624704928345,721.6320689854125,358.54179960955435,200.06053462698046,3.5,90,0.056063440588746266,3,21.845243810234074,20.535465175863866
0.7872775624279701,517.5452412696208,345.5257361096412,151.4699676983451,7.0,270,0.02858759399552149,5,6.9943887127507445,28.24244453490206
0.6726139026917403,811.4601328819002,369.4026525652165,132.02404408304693,3.5,90,0.06593043638454832,4,12.812681669621755,42.16231728397826
0.6280543737852948,777.9842160226804,247.14740620432968,174.90948749575728,7.0,270,0.16708038009923265,5,32.092732739314414,33.59461326656884
0.8033603728585625,584.8359821457905,266.1478957033494,148.5042350945342,7.0,270,0.24130240396950928,2,24.38167931271207,36.278118382020985
0.7327406939325112,842.1074569864253,310.5792550549589,187.49655798900832,3.5,270,0.32654135702995557,3,15.997506933078066,15.823436457704569
0.6857991281387658,621.8510194740904,390.5563154635117,158.316129964948,3.5,90,0.02735336900363028,0,35.53021664857771,26.455985564913476
0.6378627576857745,826.8046182312299,302.15780763134956,215.5907123119891,3.5,90,0.08244377732611152,4,21.956939701389064,39.190069482823645
0.9351722114678868,689.7339078572326,276.75401555809725,131.64358719489724,7.0,270,0.34971284708955763,3,27.218593607308723,27.493705148158448
0.7420449881603057,761.8625715438351,327.0391458305169,178.86657159455174,7.0,180,0.05156824582556272,0,20.327536456998846,25.856825922057553
0.9307140288889653,528.0142852858144,284.2962664699166,121.1316605280291,3.5,180,0.027653319885540917,0,27.65528777777999,21.67361255272874
0.610384907692778,563.6117142020314,394.2038435666064,132.99789857620877,7.0,270,0.04602667653731749,1,17.814258249374888,23.019351243136533
0.6008958308613412,608.612907133857,294.23969538621674,205.01152529070572,3.5,0,0.19780038421053248,0,20.655725294144066,31.929349240725635
0.9697671005257467,802.4096830304436,258.4996336509984,189.1675291165837,3.5,270,0.31095525308379585,3,19.930341281982326,23.79151553867205
0.8695733004030487,683.0819873561685,307.76709567336843,159.154982347787,3.5,270,0.25292317213739685,4,35.45630901271771,22.233243884471708
0.9979258320424833,723.8836816191355,263.31693970345106,143.1314100576893,7.0,0,0.06614669682196915,3,22.08926520633838,33.02121851894076
0.7918020085762671,640.122651545813,357.26530516811414,133.91756129499515,7.0,0,0.3513163107235664,5,10.49369600514537,25.328076239254493
0.6636549986215925,681.2557426448345,339.03489143473155,174.1634237662419,7.0,90,0.13115971952022484,2,21.93219476904673,42.163574230415456
0.9809132211113585,761.6385735247849,315.27090187698377,183.93231675976318,3.5,180,0.1938251084270787,3,40.14563849831755,24.111102933318385
0.6664280694177988,585.9957160010151,346.6999703607721,125.7862237943913,7.0,180,0.1852677591035247,3,24.37192338529854,44.763739137201284
0.7477141228172214,678.036257093684,401.46489453860124,172.0435511385664,3.5,180,0.3043205107997977,1,9.824468335572147,44.385625196439236
0.9738239935481099,778.8291279714343,330.43199680288876,215.85823386032723,3.5,270,0.022855768337730443,0,27.78635267012132,47.568669661059225
0.632656454490059,845.7889115610211,307.28065981444655,216.5623179218935,3.5,90,0.05183228729322469,1,28.69334791087362,35.97302533487537
0.7815848458455529,676.9382052014313,391.7280076282647,179.82234020286086,7.0,0,0.14644324270793738,4,8.648834038541706,41.29209246176789
0.9549162366642013,803.0171007430604,374.4824388853509,194.7007068813212,7.0,90,0.16025310008002416,4,19.627895430653776,22.534721428268156
0.727762024114255,542.8957244508375,313.1237798354937,118.87872160373175,3.5,180,0.21653896935791256,5,21.49029987031115,26.43897719850378
0.9850631750862845,726.6019861435421,304.393570906715,132.29127107303034,3.5,180,0.37069672297222334,3,26.528749916300033,33.05599259240064
0.9989490401393954,646.5879210993605,377.46534414802557,215.30680119090906,7.0,180,0.29454169091898824,0,17.85510313924567,21.792103120774588
0.7944062096239485,688.8147341529948,369.0594108194274,130.9670449702926,3.5,180,0.1010052716101567,4,32.86711303505414,27.018916609962876
0.7285166353736052,575.7652454424181,399.4078352688993,204.4838703167174,7.0,0,0.30482161392778234,4,18.77142497411142,17.95860867259819
0.9893755992327374,574.0648227311829,402.5339202974554,207.60524964911738,3.5,180,0.39744281847606017,4,26.45628451287552,43.58883599305286
0.9994874145235543,704.8915988999136,326.0854310210914,213.0730292121894,3.5,0,0.01132360461608415,4,41.73613238450611,28.086921781650386
0.7780852400528976,763.9290507545388,274.21166695036004,219.87783643026293,7.0,180,0.21541199358666963,5,25.072433484906032,14.751793053378917
0.6178982781767309,847.7174796374558,351.70406849929935,170.7874964236181,7.0,180,0.3044846475441474,1,33.600291793860315,24.050605887128043
0.7788244493989653,875.1867962657628,264.5729277600978,196.98129823239262,7.0,180,0.14439528910472052,1,24.810299357465233,13.177216319428032
0.8840699199188224,797.6032731671311,397.3843804361673,170.2014556919742,3.5,0,0.35358105568363984,0,31.403896247041082,46.12731919433963
0.8504285310520169,646.4484838704199,400.7248079239051,182.9960688437603,7.0,180,0.1805259690945591,1,25.773759670613924,37.48974218004465
0.8682599080845003,674.7508885830522,404.0012132956504,112.76061716500759,3.5,0,0.2517796197102564,3,42.72872313115164,19.18097301838908
0.9887675439386769,754.2786576075235,352.21498321442397,170.52273339896905,3.5,90,0.17028804831138344,4,20.57646810243432,17.08859766758383
0.8647884963543343,805.879638493025,298.70335931644377,150.23297051431518,7.0,180,0.1848774471224497,0,41.75207926882595,17.6433734185117
0.6365800809430653,704.0552125714089,384.7914270081263,219.05207344120657,3.5,90,0.3185710092278671,0,6.356046090208441,32.90726748202321
0.8358924040838511,777.2470862891903,284.22599902625285,116.45971160333056,7.0,90,0.31576208945009365,5,17.56551575521376,30.545591547666127
0.684632402562507,633.3056111201466,351.93756169719273,155.02920581808615,3.5,0,0.2411300362384862,5,32.95795850348104,44.47201494145488
0.9180302539998254,573.538805838926,333.1176266006323,149.6402070383435,3.5,270,0.034442203673474746,1,15.744854859902011,12.709525352130196
0.740122392891141,676.1411682845696,397.5730601648821,156.96011300794052,3.5,0,0.006114978805527783,3,22.08874476153749,16.298357707139054
0.8009745910572625,532.856462373595,293.334796130733,189.7955996868759,7.0,270,0.30117956257344164,5,18.108480202267096,18.30023656543138
0.8814156584526368,654.6380320635768,398.13592035269016,210.1104213095012,3.5,0,0.33808429338723167,2,11.634266279516037,42.64538977945661
0.6686510703671754,659.7979027614921,264.8688192293241,132.35841838402126,7.0,0,0.0018778116893582554,4,12.240334337207537,17.250706812665097
0.8404237764528751,882.2040146388257,321.61245110320306,212.36100856318552,3.5,0,0.1307896611520885,5,31.490941944157257,44.651017247605004
0.6640138442956233,638.7812460338234,403.68696153605504,185.80754441134783,3.5,0,0.2986942798934681,1,21.49663970034709,44.7400448701608
0.9306313605382366,847.9570782130255,410.26299520665304,138.35220101311654,3.5,90,0.005943077134953257,3,34.90976881873805,34.1013368553637
0.7330806513970073,673.5062316142167,384.211870243385,176.2576734998567,7.0,180,0.07691305695787572,3,42.985052939603236,21.3508444755221
0.8186788746466372,858.6696392250982,261.0172348594199,116.19407399427449,3.5,180,0.38956979474319064,0,8.699341089454716,34.651022600485526
0.9322842418569353,873.2010412365315,373.18734657039624,158.62912869045385,3.5,0,0.009885460811449143,2,16.87085740346971,23.981189558179626
0.9876268248559095,526.108721965772,311.18762317737185,180.97565418886688,3.5,0,0.18954132402691315,5,37.204864878405964,10.355754755781872
0.7310139910795029,735.8512320292843,249.17722692460245,214.54871621074375,3.5,0,0.19730920570134575,1,31.374809439869633,23.748805144919125
0.6353495278446823,860.0472685220798,385.52476444413,151.9029827233907,7.0,0,0.23578447172343664,5,27.699922139843363,11.849764428324798
0.9853956495118322,824.8516479178542,359.05260127963055,196.25957581973358,3.5,90,0.07858846163851783,1,40.85272459091727,13.999250079081463
0.9957213774741834,669.7277002561763,308.6959290482824,127.41696147627032,7.0,180,0.0252126762723087,2,8.580297434328708,46.580857079997905
0.9676308348223981,757.3958391567702,245.4861077506978,217.2406038504281,3.5,270,0.0339395826616772,1,36.806843875656256,29.25685588995459
0.9401942760213329,633.5904536151319,358.9076725147593,121.17057009342076,3.5,90,0.26750159168905296,5,29.39374399545529,26.865734422468154
0.7974770970113576,746.4667034925643,292.46308659296676,182.54467248782538,3.5,180,0.3430148937932414,3,30.09816729170801,34.6834309374099
0.7874466232510339,691.7110280669644,262.2297553310766,200.73304495148253,3.5,270,0.35133200626571826,1,19.3624803017753,15.578437856646405
0.8235811224402413,685.2593219072983,410.93148038200985,182.3302538987451,3.5,90,0.3497463959068337,0,32.1622841437506,27.365971279196923
0.6427608819521872,842.4751498984136,387.469016510052,128.97883597249324,7.0,180,0.12867011238032575,5,42.683252473895344,18.250440108814395
0.959494836544662,815.7047093746686,360.94723654253096,210.37802569989847,7.0,270,0.16564722151306877,0,11.122008938060032,23.290188429933124
0.8460588829954289,880.7895319242984,290.546414743738,144.1791623162082,7.0,270,0.1313021744880921,5,32.590444047844024,17.128414458853584
0.9968183257636559,525.7598745304414,296.23521972436987,160.92484186082575,7.0,90,0.04464529675205134,2,35.16087971381466,37.79403464068828
0.87703055899417,657.1838572864349,257.87575087088874,213.39217059391595,7.0,180,0.3438171879229872,5,41.561148397459505,45.6882451413139
0.7418939407186449,739.1527104296094,320.627715937752,202.18023168138,7.0,90,0.1492051429417149,0,22.02685524462892,40.34755409485485
0.6693853439059293,619.5674699026355,300.5528252561644,208.7989268184763,7.0,270,0.12608481863382656,4,22.250797778952357,21.04796300848864
0.6184672230834283,633.195476453718,253.19136201254722,213.71541962044583,7.0,0,0.10329426165952943,2,22.421664167644234,19.805234044451833
0.730715882009913,629.7953117644538,347.9259030656588,145.3270383452881,7.0,90,0.14354719248209033,4,15.118596785535217,32.387515858545655
0.7423177705249969,605.150231982293,362.34054309120876,167.37934931185967,3.5,270,0.15710700977778536,3,31.74877685152562,17.21962904589363
0.7917548840367179,798.6746287640835,287.48547072389107,118.62269327084005,3.5,0,0.09749697800303521,2,14.955442357422669,47.518868102615414
0.8635912499211535,594.3942673853549,340.4737564393268,188.76064810879697,7.0,0,0.29665134803985127,4,30.167821035902385,36.49741712637904
0.6343768847000247,568.0375861847452,320.38435092069534,205.3232362479622,3.5,180,0.1412075681637687,2,32.97248066851047,38.93211291608008
0.7185782447406376,588.2436358648882,339.7725913113827,177.12252601316771,7.0,180,0.09790029717581997,1,14.375393963754139,36.46890820531681
0.681369254328672,842.9143974464605,388.1218709776325,146.91205025319326,3.5,90,0.3096881665121072,2,41.05279890677498,31.160368509759675
0.860863894901184,591.4947156780613,288.0711735785495,155.2550174293326,7.0,0,0.08302470381870015,4,27.546968539233045,21.76066053068634
0.8308625477716433,837.3368475306888,335.41538114236886,187.45645741873807,3.5,270,0.3406390098925275,4,30.130907999124567,39.36342003058259
0.8727208545660772,778.4137986198039,349.0953476316144,166.28889371733172,3.5,90,0.18744719774275925,5,30.505556008095166,39.86794983280232
0.6867719884887483,845.6286102729588,271.1509798662307,127.87148394784494,3.5,180,0.2843069680638606,5,29.111688855676725,13.837013295929083
0.6089078993360942,896.5926804986727,306.64508538858945,118.02420388464041,7.0,90,0.0320374654528107,5,20.219084837832465,41.072641229314335
0.6155896695659038,854.9721809339193,387.70077671024336,116.11929187570301,7.0,180,0.025763357469949136,1,18.21382589033828,38.24963648358535
0.7826855158508227,764.1204564681123,264.58098149033907,217.37371006335144,3.5,90,0.040757884272851146,0,10.124286670353236,28.810864386902935
0.951044039024317,713.6264030880055,320.7282007948853,145.6652180162596,7.0,270,0.08166525963448633,0,37.66286769823195,26.589312957158175
0.8156628743534031,793.8689183408222,367.32926099097443,149.02138990730543,7.0,0,0.2337281622490154,4,12.604863157921915,23.351624214387886
0.8101973132668072,639.7819979227241,341.69207078474403,125.8110528381479,7.0,0,0.3250806434689134,5,42.26309519103639,15.403432037925525
0.8176905102835539,664.1931834062883,358.7376618568692,146.3137464479688,7.0,90,0.16990255366526494,5,19.952920400021597,32.90650545644771
0.806567591111753,717.3081134716376,401.97309086004964,184.4132059101319,3.5,270,0.38901678540502044,3,18.181173728645216,39.621773316004735
0.9545409438094626,559.2088052348813,355.99637795153507,215.8908834157337,3.5,180,0.24085176443141534,3,38.31199379340328,23.95559580853184
0.7640777594266025,847.0471902014001,357.40365833857527,176.74800471748193,7.0,180,0.3234216333666188,3,11.635778241106143,25.39192301977478
0.9278087227618866,527.7372984328666,377.31918794722344,157.44783126962633,7.0,270,0.12633049398953186,4,35.09952992479479,12.775565308354732
0.9328868017451848,688.7478349766823,415.83243915718555,160.1775100885554,7.0,0,0.16944320172960944,1,13.16727544821906,21.785058581941342
0.8376723966559718,790.6449092407562,276.8432133699477,124.27985785979611,7.0,90,0.2716025820405471,1,16.08339618550583,24.65030894753134
0.6793666714942919,713.1386833400071,345.11109409964934,216.0889866516684,7.0,270,0.10443830746165586,4,32.00185154330463,33.10338908271071
0.9101217116449759,790.8317921444227,306.5383615345784,167.60997016068492,3.5,270,0.06125505471541888,4,19.517224871931386,37.921499788251595
0.6021725225581152,869.5032401991807,332.0976975030331,133.4654477962262,7.0,0,0.16738521145641855,2,29.833080024851014,31.280579642838973
0.6210985374133676,833.8896166039461,308.6590720399191,130.85070461831768,3.5,90,0.06547249898422867,1,37.04275946438069,43.09554678930722
0.8324599672916437,635.936683701764,294.9487278614288,197.90909398905993,3.5,0,0.18076685369898518,5,17.63878144542554,16.00174284010879
0.7007893795392799,612.2364060095302,279.45924865645236,162.092191172577,7.0,90,0.20392314998234934,5,35.661646970620545,23.42409740385809
0.7056687749536315,724.4861821816578,289.84419103950955,207.9985435160296,3.5,180,0.20969308966007497,0,7.740382302899679,22.84190915190688
0.6176053019145528,520.977438368049,271.5814699779122,160.21098043762228,3.5,90,0.36270730418962843,2,20.971889488089474,36.90505182014041
0.9587283467220036,715.5971598314236,255.16325414457117,180.19940715145566,7.0,0,0.09465859313339205,2,6.127856794781177,34.993522969931306
0.8229794135297647,520.572076233375,352.48931766846255,125.58834769813052,7.0,180,0.2946265372191891,1,26.95113305315968,22.281297351793302
0.6094408772737484,753.5394640943601,277.12136464143265,214.55602201923327,7.0,180,0.09007686894819728,4,18.674134826107988,39.994226469373615
0.8290617510192,773.4888279754463,384.33738223483334,216.7371836239574,3.5,270,0.026413473925311726,0,13.6743269391089,36.62767209409403
0.8812043121061943,641.1340343808374,327.4747133074263,213.58244631624117,3.5,180,0.10026103270848266,1,37.52829735478094,24.091896082693204
0.8859022279698365,704.5064393014565,324.8638476702513,218.13354707213864,7.0,180,0.23767757210114837,5,19.780514057365195,19.418941520650044
0.7784128626503293,837.6244432021749,289.33875227863973,207.97678178303235,3.5,270,0.3491387063549423,1,13.87712087632758,45.92078158773834
0.7700276609185782,848.6557421465701,282.75432811047386,196.2308960998699,3.5,270,0.3373422136889655,3,7.975844073335957,47.95213371744456
0.710677191973308,709.3731393816358,297.50028849691176,169.33075329860037,3.5,0,0.21006314865253817,3,17.17079302521517,14.226843534828014
0.9777678169753223,863.5894962416805,277.6906272877444,178.90521909602128,3.5,180,0.20741066203995417,5,25.43092978531917,36.14653897487985
0.915783163165126,701.7277230606716,316.482402990973,217.1417512567979,7.0,90,0.18663190112642353,1,30.55133218673894,35.2004508765998
0.9967592929952149,582.0317826629812,411.3674022879118,133.36464396194785,3.5,180,0.07273375242423077,3,9.257451639478392,20.996196673450612
0.9631630738017212,568.2298482858781,314.4544547641857,133.23342551553569,7.0,180,0.17746252409010924,2,27.193307562943076,45.4674985662015
0.7629714138633766,872.3780905549465,387.8735363724519,157.505061215715,7.0,180,0.17901515762098597,2,9.084658337750163,35.74552469051778
0.7747057543391451,585.0399118660836,332.65098139226615,192.13792639526488,3.5,90,0.32036611143839155,1,6.738861278653256,31.375201575753827
0.8494261518262411,736.0295718498636,269.1380566913191,188.87262597843258,7.0,90,0.378282228066384,5,41.575538233554205,28.79753426977221
0.7297151461399206,592.614881006466,402.6665041774916,146.4082106278748,7.0,180,0.14080055955173615,5,7.250088003555559,30.55352336416662
0.6130344494896246,649.5115080483602,269.79805150556524,160.03495970976238,7.0,90,0.2635414457950463,4,36.576547154222276,27.54766749815237
0.6657668641888248,555.0599423753879,400.01420568574133,164.97162175532705,3.5,0,0.035217498810491056,3,32.85678648502603,29.68211505646078
0.8225206395346952,516.7134191031015,328.97211302508833,206.55208389174086,3.5,270,0.02434235880357658,1,17.332824940297623,22.016638036660996
0.8148179616654244,676.8899326547553,385.57333148876654,213.93880950580444,3.5,270,0.011631007918245473,1,9.236239177919149,34.49500369559551
0.9887238782268324,766.1727602741441,308.1795202435035,202.75464097782918,7.0,90,0.25931534123678585,2,24.61819217615801,22.321537954855177
0.8126430255908261,767.3936977056774,316.420386213654,129.59796207204727,3.5,90,0.26361496899591513,2,12.229569627557538,19.06173096777295
0.866988393878107,542.644570839976,280.6005903237074,174.09087577486702,3.5,0,0.10916847328020136,3,41.13060928203858,42.763771927861576
0.7085058126145287,742.7642308519264,349.9488257965514,188.77871192407255,7.0,90,0.09528903253012691,5,24.86744993205128,46.37634690846369
0.7571893277967301,528.1751446727754,331.4028367186806,114.38738632800708,3.5,90,0.26024308063654017,1,30.879787571097513,11.683207916397777
0.6280915195781976,814.7076087219618,292.93606668431437,172.81167524648055,3.5,180,0.23367899530761,0,35.5913705725246,21.20248076514068
0.7775394699135401,549.772174232102,351.5668984494291,219.15489331096325,7.0,90,0.3748806887729522,4,26.531215984061873,41.03679551020759
0.6795249684114051,771.607105182695,411.80168119884746,193.82087599470108,3.5,90,0.3194353439268023,4,31.601641414538616,15.48329301946915
0.6250382883171658,858.461618361455,396.38424086854445,212.25786843272465,7.0,90,0.011178430520492545,4,35.60882921653517,37.97820373134459
0.9173257987033822,701.7750894568203,367.2394490535164,128.6552936789874,7.0,90,0.01758267126388411,4,20.082208772418934,30.643429383632967
0.6561922514329519,876.5265181629002,344.74387814772183,185.11475379603834,7.0,90,0.3295864095548113,4,39.1607595741652,41.28506672541683
0.9572641497971958,529.0333821849127,374.67255069960675,150.19421958763368,7.0,0,0.19080505146816384,5,26.596309314444596,38.08368601129308
0.6730141905684803,715.7300972013156,266.92285639309586,188.63281843480786,3.5,0,0.22485445150830705,3,15.12354118527844,16.779295256769203
0.9243609396585122,583.7180910283184,336.6523488225789,119.75388159914942,3.5,90,0.027093896559746658,2,15.858049444044758,34.40450279472684
0.9507321130593136,607.0700221959372,337.9641905664739,128.26117228546258,7.0,0,0.34257054825842465,1,20.730569297541166,45.78422424771986
0.603546363892305,838.5894971386962,283.22192568243685,120.4931396519915,3.5,270,0.16239787329829208,4,20.185103388122943,14.814675807238846
0.8469804305005837,778.9699204523254,278.84851823406746,185.49517262102034,7.0,180,0.28270677143806594,4,20.843060463087397,23.075806663577936
0.9239254361394994,829.3914960763653,404.218902260014,130.05244828427132,3.5,270,0.19794330927933604,5,42.46422302328219,33.458592153081895
0.9711852254702846,808.9953846237098,405.0406779297913,147.55941373344513,7.0,270,0.09221041088484272,2,31.641912969319332,41.13185771925275
0.8332282126265745,529.6991811002385,350.85629671801837,128.4720055474353,7.0,0,0.08486805956538515,0,9.48716743122887,31.8943537063655
0.9134005403156664,741.5339564601087,356.2154239264246,117.91646292701438,3.5,270,0.31319182942155666,0,16.194761729991708,22.681788723109364
0.8018716063618145,574.9248624240759,357.5242939530023,202.94109926663617,3.5,180,0.3265967108308356,1,20.297386133083336,46.42404841836939
0.8314784099469325,866.7909649433758,283.78868442012384,197.95859611457826,3.5,90,0.09910682784234917,5,27.36899869741576,14.12218068446103
0.6942614588967823,728.6089796769704,384.2418511940409,111.6280103633832,3.5,180,0.09302980534801981,4,15.881027220967146,33.31438721953832
0.7712612400888875,839.4305793072181,403.62888346808217,187.48640957897993,7.0,0,0.3159686098557153,1,8.669824750222432,28.030010537883477
0.8600396249401274,703.696961127382,336.5550133003398,212.12529660926208,7.0,180,0.2100851910630337,2,36.36408750763411,12.753577031764978
0.7129763377133161,644.5339731083043,334.19039406744804,167.7085299384609,7.0,90,0.04351266419646463,5,36.066506245393676,25.244685658232374
0.77540132051282,659.3719254758728,293.65208230628787,151.41840085819783,3.5,0,0.27145683887676575,1,8.426671879235457,44.52396957477889
0.977961037851159,531.6932636909297,279.27931381620175,213.95182527888332,3.5,90,0.08029042337555636,4,33.58314008663627,21.13070318474656
0.6427561184299727,730.5121848149292,315.3196905653138,161.51299281866733,3.5,180,0.0043118695859799775,5,28.989998309369714,42.385162990130006
0.7602501092682596,619.6919279162921,356.71579932221675,204.61107553254786,3.5,180,0.21633830665512424,5,19.08465074257079,17.77987729315229
0.9179311573858013,827.7572490023238,286.93947525962045,151.91600990030176,7.0,180,0.07279673193874868,3,32.95700472636835,18.370616894409626
0.6411200562802813,663.2938379494769,408.87959693783876,208.06569640247034,7.0,0,0.23138297979173195,0,15.53923970814347,31.51326316456259
0.8214357896418324,740.8577255403851,256.72213523507605,200.26466620916486,7.0,90,0.1480474955016236,3,26.22754606502626,19.443879112356466
0.7403597605814033,659.7899350004079,288.0048954359245,157.47980288718603,7.0,0,0.2160688287680672,4,11.816967486604788,38.59022263853868
0.8114096284719736,848.5508507982299,280.7240626129894,145.20216748029944,7.0,0,0.19400622808466295,1,38.461980197184964,33.254347023118896
0.7313602771704427,596.7935100606845,285.76250149694624,129.6241052725928,3.5,0,0.1760555211750901,2,26.143731146607053,21.545935965094575
0.6306436109647807,773.3047372078005,312.2172686148,157.99767910221283,7.0,180,0.09420707656295013,0,33.9707899635788,17.358310032596197
0.9578896315649736,567.8006805298468,265.2893211697181,148.42202426977826,3.5,270,0.12947507335913033,1,18.267091899484708,28.126717126262314
0.9934300277813951,750.3840432846224,270.5149118066222,142.0461681146273,7.0,180,0.1294053765539955,0,30.741831072600277,47.75194395485601
0.7703979270019302,598.2013155986014,291.37511148611605,136.87077971888243,3.5,0,0.03669808965337218,4,28.64031126196972,43.67990243786112
0.8820881406234542,631.0141122371201,347.1576927661625,116.6272962047512,7.0,270,0.25104228430256853,0,22.911739097501457,25.389303237050168
0.7685652480884607,667.7920774381254,315.76665842775884,148.450833338339,7.0,90,0.07697901124353637,3,27.449250314302514,41.95873039010612
0.9053197441891422,863.1612372505308,369.4589704891591,177.25181120784413,7.0,180,0.02266185783634547,0,22.590014178865815,24.40354891924276
0.9190232791032719,796.2616102596295,396.82534860633825,170.1259861080542,7.0,90,0.354859878412704,3,19.791071367293288,17.94632081247025
0.7231916794370626,870.7675081657673,292.8828215187171,195.93193798298378,3.5,270,0.04452984452914297,3,33.4296946601425,24.71643463399727
0.6173694617669094,656.1614005453064,369.1446299746142,142.2926576817221,7.0,270,0.2603077596846228,1,24.544916765640664,17.97446463494594
0.9981425194372461,751.3948394503061,377.71056667332067,117.96537335736642,3.5,270,0.004548026607250355,2,34.922779056776285,21.175845469286102
0.8815129686228755,774.0685105866695,332.0204566367737,178.36454194737158,3.5,0,0.21833613276188038,1,20.392026251574652,12.607743815473215
0.8889542524576354,666.507220850568,323.35475401245003,204.02107339013673,7.0,0,0.10313379583398868,3,12.032091490462125,31.541610296166404
0.8604984818198091,687.2473545097707,379.1116705414736,119.74838589554989,3.5,90,0.23956491799318036,4,31.342335549410443,25.730830536429256
0.6261966891795908,601.0985448894528,327.6175428423156,117.4524976706083,3.5,0,0.28093409864427027,4,28.902277504349428,23.329893875586492
0.620810337513436,652.7925291037747,400.60748346943365,195.5122376631995,3.5,0,0.3547717688032233,0,38.14301834248226,43.24372752525674
0.7959456863126233,660.216646512792,354.31705377020285,120.26734785388605,3.5,270,0.012682063541762956,4,35.38015198580283,31.42121988675359
0.9223772320413914,831.4405096266617,404.92115215989446,151.89492298209038,7.0,180,0.33844082544840237,4,39.81497462746015,46.93034576167793
0.9916471182294584,821.7645109406178,284.40931636849587,182.7495329905727,7.0,0,0.08113618620915322,4,39.36724389302306,47.65196455912736
0.8328218040188238,541.2466704337961,411.8617642879988,159.7437558292592,7.0,90,0.09086177224198028,1,36.64012993591248,47.873144098111574
0.6373558147787984,786.1522615202456,336.3411411950065,133.29829533814197,3.5,270,0.18437366411143652,3,35.90094295265843,17.988182018411536
0.7399700465017466,631.324978383755,322.4004127349765,181.32642856692547,7.0,270,0.2638764407125535,3,13.255947146717121,31.62739774908357
0.977164189075694,558.6430223217025,271.6538717780126,211.91865702161618,3.5,90,0.38998938982720954,4,32.15070323564558,11.97302003757521
0.8623055045850371,810.3127190296528,268.1323547054761,204.98640264950646,7.0,90,0.07708738277449703,3,30.715866148350933,42.441680490239285
0.7733788138685053,723.8118074179418,256.78657938296556,188.75467088196083,3.5,90,0.24927984235926237,1,22.70080885245457,45.983743576986875
0.9845701327803017,776.9155995529719,274.7368459480356,121.52137574218999,3.5,90,0.33179331539970813,4,12.75071531990223,33.80115379537739
0.9019300497763343,659.4976115135734,282.0704250681354,152.9340816847475,7.0,90,0.36162284972209874,3,17.233179375720646,32.04333014657319
0.6656548776396051,662.9381267890847,377.5378373800652,130.26367022577472,3.5,270,0.25910331480084015,3,16.262878436727338,22.64590703522156
0.6574316067434455,806.5278435323474,368.3920336951003,208.64173388944502,3.5,0,0.071383416881022,3,7.3281250654660575,38.93535041209778
0.8622053142874823,633.5959278803242,414.0255692666258,159.14099447384353,7.0,0,0.3964187237776683,3,21.435475585118063,11.421024356038167
0.9918961587422221,706.1657756452404,309.30260533860206,112.04026591105647,7.0,180,0.06376046122690485,2,12.543130384758909,22.744115098281863
0.9242055557919642,808.0929979106426,248.92859410043525,112.66764981519836,3.5,90,0.3339827535239137,5,30.088446639978685,28.549909660323006
0.8864041950390538,599.7249794841997,368.32945559972296,123.60829418863638,3.5,270,0.06141647446093379,4,24.887966774803246,21.84894654725648
0.9078962996624806,877.553691526114,359.40486993018305,112.63841771342327,7.0,0,0.1046821218912462,3,17.886493523549973,12.555515927859407
0.6651663517062757,833.7112657623968,361.03284911858066,184.64380741933226,7.0,180,0.149360785425603,3,35.77273489975509,35.29125801953105
0.7954992053092999,609.8278555243771,371.7244123908566,167.84858476812002,3.5,180,0.07826565063285439,4,31.109004672215367,29.404428034181247
0.8444630019303961,662.7846988527642,362.1411641386208,161.46994009030092,3.5,180,0.1324084476456855,4,38.062619225548744,10.577971427934845
0.6757426031414246,747.60114807413,285.35147587472306,158.53409556947452,7.0,0,0.21589698728384243,3,39.56235374581256,10.078986750348243
0.6215880581742576,856.4742271931968,313.62076887755387,174.09178189465888,7.0,90,0.09099534870739495,5,41.72015157599399,21.0922292809795
0.7046210197876859,624.4173615358189,409.3751003303284,111.44757044686233,3.5,180,0.024523943640340207,5,41.41275470476744,42.634626654045995
0.9550470595125296,647.7047947925645,371.9359335732003,187.42166244721233,7.0,90,0.2704590077052284,5,13.523440470799871,18.7017438566574
0.6165046764979196,846.5191876329959,409.86095459095753,110.55880803069128,3.5,270,0.2197871848890962,4,20.787385630497166,47.12545482232208
0.715273048084707,900.4150559516822,402.52083376867745,139.90797945124302,7.0,0,0.03930470948357226,4,6.663802163530292,31.410010875603326
0.637583744461314,570.7004277145782,378.1725047495479,141.94784104615616,7.0,0,0.37222280652801776,3,7.274319865885749,38.3710251849123
0.8723367801129116,818.6269474944589,398.72152509596367,186.31076044531662,3.5,0,0.08398808218681048,4,37.15332709280611,37.43499959438128
0.700808795967241,737.5213861939385,324.13354915340716,207.97429246342062,7.0,0,0.18088647005405,4,22.58554491785685,17.21104867688587
0.7979419892636996,720.7170307011884,259.10109687727044,190.63422630030982,3.5,270,0.2590887913741216,1,23.95834565976629,29.80876348543579
0.7183276255458723,668.440860450243,379.47475704077374,181.0835084710417,7.0,0,0.24392723657197957,1,38.541282433430084,38.31395195950485
0.9526239582045248,670.9725019016872,266.86510424828356,121.31270224901377,3.5,0,0.22622383533471058,5,19.269883053858518,29.566622278530534
0.8885898557576642,799.5271836837986,247.65636068571018,152.96685358150873,7.0,180,0.39984963149291586,2,37.42624159624536,34.08350564963579
0.6790089084415648,603.7527031135687,332.4419239454068,206.80124586140164,7.0,0,0.12304942605101772,3,39.8609071187963,40.5713607227364
0.847844871138508,639.7940898725377,403.1243301036797,174.66797870027904,3.5,180,0.34502153349701253,2,35.13713927977387,39.25467265730332
0.654037432510907,886.4059861468661,245.85559660065667,138.27892791427493,7.0,270,0.2836009576230331,4,14.871905803462537,31.963247381149344
0.719132560384596,695.4346745366499,413.47801089834684,171.62368771843688,7.0,180,0.2410897885881542,2,17.129072662401676,24.121115614698013
0.7455800061819402,864.1498841025588,249.0258686377562,122.27157044568389,7.0,90,0.2283039365808222,2,30.124430010087167,25.407802092050606
0.7637639378749055,884.0918136476619,271.4343278895807,139.39954791012718,3.5,0,0.1497366462785965,5,17.90420794601372,30.06931215932539
0.9740913592309789,790.7329652802314,319.4349388612396,139.66155987010407,3.5,90,0.004878144784955918,2,32.02265933004379,16.93271603412117
0.620181081023295,591.5044770373905,318.1948589924674,154.58710563299937,3.5,180,0.2534137991982495,2,17.471111987032426,14.021437559521642
0.923594877448338,761.8372060432099,329.45520337469145,202.40597835628043,3.5,90,0.20339853114478346,2,42.78512685486275,31.91983735912306
0.8501445208667641,769.5298013264594,280.8307729784356,174.6736885506634,3.5,180,0.3551340895565026,5,12.81610004220312,13.976726241690498
0.9275916810619526,525.3643368562455,391.30547811513014,122.46560171502628,3.5,0,0.24569389727259394,3,36.83784373409164,13.338325909219714
0.7048918143414146,786.2959393963619,367.21316680953623,176.40032466843454,7.0,180,0.11387818051185046,1,23.836734126013862,45.63427644704313
0.6071590317738705,723.4822832197783,344.8071995382873,145.8804928593531,7.0,0,0.11824351984894102,1,40.996082192363076,29.264303836398746
0.6318040632936138,772.1565710231239,374.6891498783606,195.15150466680026,3.5,90,0.2603833114611131,4,15.63395174565499,37.254797241355654
0.6321450251185354,849.1484039148067,349.17939520029074,211.96638523590005,7.0,90,0.030582667795114607,5,34.872119092303464,43.69225563502565
0.6677236307082149,732.8332490568766,310.3560389899552,157.58778473988406,7.0,270,0.19334482497127997,1,28.401303997285968,30.890219281377004
0.6695400400800262,634.5210827771205,277.2827506066794,112.06610337274157,7.0,180,0.24514406842791392,3,32.11356569005051,18.17101107540013
0.8774236757436625,632.1285925578433,409.42431466546793,175.83846493477563,3.5,0,0.16608298196973623,5,17.946796457263773,15.622630062791332
0.8679881859141213,594.220679193559,339.11581893624765,110.41749527285202,3.5,180,0.2502885302235653,2,42.2279561730706,45.73876632714082
0.6126979805895736,654.3394146898612,347.2765363596195,159.57000511131076,7.0,180,0.19199170280884414,5,37.08714753902696,15.354002615111005
0.825538855806099,746.006350864544,364.7847765265647,202.55923167358512,3.5,270,0.39896620944885924,5,13.802797270157063,42.78771683458353
0.9720564754680077,872.512831907142,344.8347141002472,148.91620136971824,7.0,0,0.29549248614361456,0,39.27132744094014,16.116204050374737
0.829320185124545,528.0184702639494,386.0033519973725,116.61145148351616,7.0,270,0.14534484457913963,1,20.553765531777685,30.71724174161193
0.7720886739375147,599.8445721292193,302.3918087623279,150.34278035485613,7.0,0,0.2771264273288149,2,7.668620457355098,28.7952080885847
0.6599300185668839,580.3316475550952,296.3766884291151,205.49291360509235,7.0,180,0.15665996788670458,4,38.31652142674727,27.89728524854752
0.8548052059099188,557.5728240830072,406.45222322935683,155.56956508171243,3.5,0,0.23972551207997142,3,42.02564968275285,35.70073697497373
0.754820728186913,644.2263810441741,325.55662961972865,184.40327424069793,7.0,270,0.35547679543546246,2,13.770788030208845,12.03802354611232
0.7203020392247227,692.4759624528189,319.92523105903604,119.54731815279983,3.5,90,0.32814927012378037,3,12.453512687272944,32.58682487247779
0.6464290959498864,781.3253630767871,387.0230722871356,140.1674291071949,3.5,180,0.12952794392393102,2,15.80987693970722,18.38293918219286
0.7207293891099316,658.9731584979028,361.1439088018019,205.7613002855706,7.0,90,0.04412663206145311,2,30.02862108324004,21.558861022277025
0.6678861301589489,732.3456535397842,394.35728290978386,219.69094317236423,7.0,90,0.028764007449695983,5,17.040373717358293,44.37072004531031
0.7384064915225441,734.9143272212985,250.10648654147693,152.99183689466437,7.0,270,0.0738363269054859,0,6.4897939979810335,22.813776839528597
0.6757016112952976,578.3828481127221,402.99640796073663,130.88557893639788,3.5,0,0.28488527648474876,2,26.289149226622147,38.02565510279837
0.8658572849949813,738.1766840693697,307.2274402591443,136.97443700200105,3.5,90,0.034611935624425307,2,39.84808362979947,18.126112715718524
0.9298228827414399,821.8653479063399,400.25536151608367,176.07744125899853,3.5,180,0.08451720515484329,0,18.803176190080457,38.01826612473604
0.9030603706487229,608.5984377685662,382.8550911147641,111.92059101586867,7.0,180,0.12748673391364282,1,27.90563819476036,21.5811668545757
0.7677880391431339,723.4510447749014,284.6434280062912,209.38970017736287,3.5,180,0.34806332435038556,2,12.899003124786061,29.96880971861477
0.6974657468621087,750.2770339129688,261.3500894221935,200.8850099090926,7.0,270,0.2906389972486771,3,25.66344805453321,19.154544978265488
0.8276440973259283,903.9831767319844,322.89910187579716,110.76399592954728,3.5,0,0.3263689805568682,1,6.442297521307113,10.576206434963828
0.9592623351416254,706.6405352187334,254.81367076652037,120.67186603030684,3.5,90,0.2812546814778449,2,26.589456772168514,13.260099130997993
0.8965468293222186,648.4573509934047,382.7698223500793,163.7271820550456,3.5,180,0.1542802121325509,4,11.34006555236123,41.501051471513755
0.877179818127847,656.5513434784718,374.6514289645488,203.66131101565227,7.0,0,0.2787027657223558,1,24.29623400606676,42.189595284487304
0.7498830420929448,676.4492958670594,264.5338857946898,116.36205787862349,3.5,0,0.03799138009660333,4,29.596169257258325,41.59709506458624
0.670530744615614,539.2176172630668,402.939079391915,130.43108591548605,3.5,180,0.0004534713213428798,5,21.937872803391233,10.097975700199335
0.6682740467909286,770.3757236154272,283.4796134121765,182.4908461091793,7.0,180,0.28794751575999994,2,35.95526879038789,39.42805510045847
0.9973010795363778,672.2696346331717,387.9877020080666,202.717039802953,7.0,180,0.18347474712815828,2,29.854847326668157,10.068157059141102
0.6656126351135484,670.3002411247628,323.5643968948141,203.60144884599077,3.5,0,0.17138645970628816,5,23.33411641777393,34.79755982912438
0.9370688515716118,551.3936872609046,249.38531690002833,143.57310956213573,3.5,0,0.3941596959637289,4,40.95177078349164,16.770610224067728
0.9112415317625467,616.5362373376458,285.6934975134029,180.8546560853885,7.0,180,0.1549964670208678,2,28.227868293726644,44.76709059306646
0.8251200062654113,639.9329254940832,275.6408170122551,115.98756589374233,7.0,270,0.1762473108739837,0,27.079024609019733,21.534450365123508
0.9651324557844603,891.1578261897172,260.37398952528656,172.61876771354798,7.0,0,0.2906752450108451,1,42.4405892223785,17.23144248303284
0.9663073567286748,594.0133473200237,365.84962839493375,218.81801485663325,3.5,270,0.29156689578806194,5,6.98855537468021,25.464270614657494
0.9409063716597785,786.2379181158764,263.0166895454244,197.5231765522842,7.0,270,0.05201084070959477,1,42.062051956735964,40.91430811035383
0.6642255365851935,672.5199427544213,319.2207939219836,156.50989633276518,7.0,90,0.37451266145730416,3,34.454673116806546,39.83363980858887
0.731504484049157,570.1679497637228,363.18180142282273,196.47392178264835,3.5,90,0.23215837055144425,0,42.9696677263546,31.455503250243662
0.7955735736204403,529.8201884515777,402.67594694020033,188.2798951769403,7.0,270,0.32918603959023657,3,15.989920784737144,21.480676606814036
0.7579687379608439,708.9402038894887,269.6704252607161,184.51946633229895,7.0,0,0.049462602295937734,3,32.556541746890396,22.195831588172886
0.6402708082951064,889.2908535193058,375.8642548769365,133.0419289480571,3.5,0,0.08167837816641069,3,24.949927352569127,12.085609572838875
0.9391960062285762,523.8131113736174,346.1079012689171,210.42521669169963,7.0,270,0.15842147577925958,1,24.886393859824317,45.62914655056451
0.7165064272009898,609.6213318918516,387.46834826088866,150.82496504213856,7.0,270,0.2790100449880412,5,36.526214865792895,10.91807496931208
0.72692898044751,839.6750725341142,396.80407915503514,165.57354589543814,7.0,270,0.23121587361416443,4,26.408211221279235,42.609359232096175
0.9107358614533687,684.0758315325667,357.2372505311789,177.37095752775951,7.0,180,0.3406238094278464,2,24.732043239964472,35.04354478455426
0.7361246244159589,574.0638052833041,323.5216377102449,136.37880160186748,3.5,90,0.383984996049353,2,11.720699762135137,10.523691267817629
0.925545137419638,839.7400492288816,338.07566191346785,166.40376362251567,7.0,270,0.2982108657812091,5,38.95425403881249,29.155340834559638
0.646923252107082,574.6965826078311,283.4127688959082,148.27670032051182,3.5,270,0.007164200781422459,1,8.091059944418634,17.210027937841165
0.9088497088028248,770.0648142211758,257.0303707269164,181.52300349895816,3.5,0,0.37460549575448643,4,18.614100432879777,25.76004673099211
0.7457516848989022,528.7622559843946,262.8983576409548,178.21791623866912,3.5,270,0.23564920101403738,2,29.84014046478024,17.05139873001692
0.7072333460163149,562.7787323654595,375.7614550489173,136.77937025979213,3.5,180,0.3996673206110377,5,14.32034689609549,41.03107427736057
0.8368483256985589,823.6659102436017,298.28943415740457,182.73010467877532,7.0,0,0.10866742613617496,4,22.28118506242638,40.777876718426086
0.7230279733132423,674.0847421851296,313.16353671579753,138.39550556997992,7.0,90,0.2729944591393343,0,19.139144107829395,17.648942624717396
0.8575628635951146,682.164668144633,331.211922153585,154.5130447418757,7.0,90,0.15581682249949422,2,19.62157933932284,43.889766114186614
0.8864174719006294,760.2607195001301,357.4435543108323,122.75081819768195,7.0,270,0.08604255705512834,1,27.08180038564829,44.3808521720978
0.9571810629164756,847.8017706106758,352.2576524516135,168.76538889325855,7.0,270,0.1999004388780546,4,37.24416174133366,13.698612446367932
0.7278785671777392,576.6338309327015,367.5199445756344,199.32009240537556,3.5,0,0.02992558120254958,3,11.666039705022335,35.45344970200576
0.9727523575163664,857.9567324156106,349.921599802693,188.61637640893235,7.0,90,0.29356193051185475,3,34.593110996957066,24.68399996416983
0.9943306401063932,688.4168745340243,266.120549921071,136.15594996990262,7.0,270,0.2532411508556392,0,8.300915303656886,45.40426537097168
0.8272619760615899,753.1042304101861,292.93048531114044,188.41510550010395,3.5,90,0.1546432053058661,0,26.43772169716988,22.85318991207424
0.7477650263338381,575.744241016517,247.60861934975557,144.04459740208935,3.5,90,0.1441731951640195,1,12.154176465239303,19.6050432888683
0.9839456778432579,624.0677690069349,383.74525994014215,165.88792185849047,3.5,270,0.19436701442587045,2,39.90015433530818,12.849798881563341
0.9224476968930446,893.0920882080312,386.5646832180808,200.94662692521038,3.5,90,0.1595905808568918,1,30.484625166618674,30.177893615759285
0.8257109388146758,774.5443601662082,290.73529622434427,168.05115496698696,7.0,270,0.12783103369380147,0,32.61354399286885,46.1576213300097
0.8716633268213707,740.3843862631973,352.15281018244076,116.80732716855253,7.0,180,0.04021101508699148,4,7.765324782654751,34.86276590969239
0.9342784797432392,570.9034555835412,360.2817789102745,184.84774322373522,3.5,270,0.018149294335240464,3,28.91298155637199,40.26610165073537
0.7175886629587207,887.5642208128656,379.25148559139717,141.16825953994615,3.5,90,0.10960400432819527,5,27.05330414300459,43.870345216802136
0.6479722623645013,697.6286131786773,389.978673781543,150.0055407487352,3.5,90,0.31657119199360695,5,31.1387707564414,47.13015377973567
0.8079396956104912,581.631631350746,405.0761084380704,123.6717120146066,3.5,180,0.363432183059047,1,38.395786546085496,29.616561077926125
0.7789872640988064,604.8607628057836,259.21627608642274,135.8775183755503,3.5,0,0.005961439869213292,4,7.996699487427613,30.43588244466408
0.6776097949082179,866.9353901622346,397.779504189095,193.5444157434544,3.5,90,0.1349083464295202,5,16.700621008171048,34.38105890304277
0.7621786907680236,631.9040642807854,383.9073317783819,217.61410498599088,7.0,90,0.3439914288972068,2,40.84009511422256,36.758930266903356
0.8003090112090541,655.5676143408457,325.3524373950486,206.6953113735589,7.0,270,0.2316626202859533,0,15.044042028581528,46.0306383743542
0.7965302342649319,879.1922947038182,340.2253061104935,150.9724126487043,3.5,180,0.042180536906807925,3,36.43201266711866,41.14662377913732
0.8226641549902548,891.9231609384691,402.16574541509704,196.5480801161732,7.0,180,0.3089383350182744,1,20.297968055702263,33.71624740381496
0.8024902849629104,786.1502594530467,391.61457126901416,122.3659045329461,3.5,0,0.11557888376581715,1,28.59882569291966,15.349695722493921
0.9314042681864723,832.5893907563917,259.19303559617026,162.84389300758275,3.5,270,0.12955726241351068,0,19.79825771660732,16.53645531642578
0.621378188063742,645.1696308243901,336.79900759197267,186.78918332205913,3.5,180,0.04849669142178939,2,21.583107118304106,42.63603896352207
0.9821679708200266,797.440097419177,388.14458883731913,195.6630776405609,3.5,90,0.28579968455190213,2,32.40954374767498,22.76994682480205
0.646292351078911,790.7552068136777,366.537762227905,143.08973631359837,7.0,90,0.030514767079342156,5,31.145602217348063,27.930084947894034
0.6144743103787508,683.9614686808076,370.0635295943174,116.34645383192118,7.0,90,0.32243488696024714,3,36.51938230527822,36.70709893573669
0.9841893685221194,798.2520733945922,342.6851975432932,176.8319841315974,3.5,270,0.12093585400801654,0,40.80930102267314,15.507211146297863
0.9444517207042078,812.5141493291337,318.98514182500764,199.33537698079678,7.0,0,0.07251967029174136,4,24.06007692300168,30.091956611979096
0.983742582315416,643.683550021831,367.34366611968034,207.49386748042298,3.5,270,0.05836648120592569,1,30.60027258446047,21.12628399663953
0.9979439683052402,730.7647347741236,374.96923165059764,182.91723090292325,3.5,270,0.0009098741247408171,0,29.297674295355957,29.23578522945151
0.8340558670401268,653.5851938200393,388.1099345417944,183.23527729228294,3.5,90,0.1829657368413924,0,8.943585986009507,13.92347135125951
0.8194731256565184,747.2109469322324,307.64092095549756,213.74144713442396,3.5,180,0.011486822363684946,4,25.83363764722702,32.86874712869151
0.7041316260023299,782.5546140109237,328.9903760963377,141.81657962178946,7.0,270,0.3975935247402098,0,38.625626760284646,47.19734235419084
0.6475548076362602,555.8669405200044,305.09182190990845,167.4496287701931,3.5,270,0.18442715714958613,4,38.37132698618131,35.893639335400906
0.9232716287148222,539.8989284105667,280.9697725913322,110.21776689163613,7.0,270,0.0784446662067099,0,19.4393972951179,23.70769490265609
0.8747854346713593,782.4573907306142,253.09503440176604,137.62279840887402,7.0,270,0.3054297249531721,0,33.14013996047925,41.05713313763657
0.6807277700835042,801.075735354828,412.9120490475978,159.01538750910262,3.5,90,0.11556416102457608,2,31.913498901819846,41.47575141858131
0.9559740542450769,534.780201716625,299.37142571324745,163.5636691455887,3.5,0,0.10509589285349988,5,33.53714058529667,24.17097223539518
0.8076137804713615,519.3236261494915,400.46342618802214,125.09082392132538,7.0,0,0.040272705240377515,2,20.948355586411157,46.03521863727652
0.6780469625110596,666.6552762494736,316.92144945690467,115.1720281841378,3.5,0,0.2711319921921717,5,24.620806846924943,25.407071012827906
0.8002730343469183,822.244417857891,333.7748600916081,137.06101180948016,7.0,0,0.20554545403313834,1,9.155946059192962,33.23479110673192
0.6465970535568751,838.4620257284346,270.63006367601946,199.76636105666572,7.0,270,0.00025635884258496945,5,22.547293424137948,34.96211672530751
0.8403160711941797,882.5877382842083,247.45623323363762,149.7427829426639,7.0,270,0.15574307103186125,3,40.30041706860748,32.28008432112099
0.9273015680743237,771.8358779920562,331.1041914493933,174.3324466080942,3.5,0,0.2226004386940911,0,30.365352648491076,23.71671764973003
0.696307917942071,849.0294758278956,347.8062889636106,139.70200213314007,7.0,90,0.15381712432763736,5,6.416446091031762,12.721040475270879
0.8232853918896833,834.7953807956229,261.9536489038962,126.58370749642317,3.5,90,0.30426484325152053,4,29.456643485559244,47.39646794328646
0.6689388147507769,653.871549422725,260.4071618002519,182.47761609668336,7.0,90,0.002295811150898519,5,22.507904411005605,28.817557039415497
0.9170538090029052,885.6458913499636,381.6944886802617,206.45290669631797,7.0,0,0.1483264406843901,0,15.561565508435688,35.241605600464275
0.7190525083593663,858.4155471753118,315.30807982388865,217.25331258901994,7.0,0,0.38410161117775393,0,41.8324537776678,13.040143939253745
0.987907630348965,691.7213568880805,269.69571345435276,209.80499397036075,3.5,0,0.299359741475776,0,35.911749056295896,43.388567723679145
0.8281627912886309,596.7993884959786,409.9994391779111,181.0383102060433,3.5,0,0.18408766936218895,4,26.05544622179802,20.43555944320466
0.7585612500451802,646.4550416488357,270.90140529854136,189.04061082434353,3.5,180,0.2521687076529295,0,26.38840233281154,46.95859614972805
0.8301061861898406,821.3250002533416,317.65716594993904,215.11737071912924,7.0,90,0.11161897864463546,0,34.75147912679067,44.979085686302575
0.6056247652244048,837.2496309722591,309.3440926287379,140.1275580656107,7.0,0,0.06411803266766829,0,37.23855770039948,18.705442553809476
0.91921393375205,720.1914844881043,378.6507724347709,174.99106220304824,7.0,180,0.3529886435827838,2,11.842284555460166,18.826114122127535
0.8447026924291385,853.3552302099363,285.4643470454882,158.12376891868655,7.0,0,0.36914661074596955,2,9.958706323303266,40.60825829364722
0.9642241298753137,567.5013812138551,284.0112370106518,112.6705983346333,7.0,90,0.1550123648455974,1,10.819125877795688,14.2874399652054
0.979405345631226,835.7915750006811,295.080915045519,207.96677784298012,7.0,90,0.30790201780897675,2,35.444738304955195,41.19208818033575
0.9243759634153159,694.5687884411825,393.4567651991194,175.9075997458864,7.0,270,0.02756950770177058,5,7.355552439136693,15.713888717848283
0.6318079757911497,597.0762082036048,305.42753142908043,188.05992093371356,7.0,90,0.06530472174492088,4,19.185058162408186,12.882705003611937
0.9921305049094052,752.4921038592722,336.65905260364923,122.44842644658112,3.5,270,0.12438910386490916,2,13.216109218122762,34.762915839908786
0.8965090827516364,868.51058452457,371.0737157002021,160.11168625087868,3.5,0,0.14510976142239848,2,37.97722510133631,44.88989686201216
0.8905218474853415,783.4011468206625,306.02247232624245,161.88420929583634,7.0,0,0.18723759281711283,2,23.914418136075135,16.36117591973563
0.7531324250508863,825.5703210166894,307.2555545350681,159.38663220376134,7.0,180,0.3390243795711038,3,42.66892072554559,24.290803396980504
0.6302432838318561,758.5948005774663,298.74713769969463,166.3394728584642,3.5,270,0.3213860908476496,5,19.832916294386447,28.605294002093878
0.7905119519960363,706.4529653031889,326.25327630228236,153.53921763006898,7.0,180,0.014594445209820029,5,26.264534139324258,37.733965681408435
0.6224343290797679,686.2622923210495,403.8241131477413,120.40874977953166,3.5,180,0.17798429822723805,4,19.180137348078002,18.236287263448236
0.83051246679249,803.4367570048387,354.54475439759216,124.0694175023311,7.0,270,0.2028526793649762,0,40.420433084742136,10.35364722351092
0.9129698262338299,819.2168460762773,323.09863064682406,174.17610633860758,7.0,90,0.1680255352330048,3,36.266655607000246,13.781169394016631
0.7922666482716713,704.3636551543443,298.953394624048,190.56248872268398,7.0,0,0.04741789543370363,3,30.831783171907258,45.912240049001426
0.8028309652147545,901.9613096011454,400.9586561256803,111.72071129575096,7.0,90,0.09839410123180325,5,37.719952168215634,12.415886993082077
0.7183452230854949,663.6715721701243,326.39004011737376,162.81929585218384,3.5,270,0.024200832459080248,5,28.439536731237727,10.525406044949264
0.6052150628462195,731.457527317875,276.6515657503384,115.13424356792943,3.5,0,0.07088862970021399,3,20.830829640802666,34.702338035897874
0.7894939093635852,733.6323537066046,361.02779647487466,122.61168375168106,7.0,90,0.07814159515106277,3,6.90826222128287,34.77477173675299
0.8950822414361965,755.9193842565934,311.7807785955133,158.31441602928794,7.0,90,0.38129967437186096,0,16.838107671532097,23.078124839477645
0.6231676423016159,590.9424666801989,360.2600852809438,200.1531777272345,7.0,180,0.2999810599073731,0,23.14413220708828,43.670471924438495
0.939189004531642,711.9387664797138,343.6883600447361,162.86120577616603,3.5,180,0.01987096587819033,0,32.785251086711284,19.779597730269472
0.7046412808197537,808.6602063819884,412.31615508131483,208.9726606828304,3.5,270,0.19702335908193247,0,18.89137300267654,44.670985629285525
0.7780174315715186,711.0718549164542,367.06685632715596,133.90626451302182,7.0,90,0.3434409003533593,5,35.96218112051365,40.56929976020361
0.7953972633473346,806.5278974183091,398.089567125835,177.6419749258841,3.5,270,0.24412219398439616,3,25.847840846112607,15.95663044506757
0.6765590142333627,588.5362781982426,315.309066362182,197.69788198668365,7.0,180,0.28909108956560364,1,41.62197407487486,42.7240406803245
0.6151546991393432,527.0468426239797,376.5903692564525,194.13517799374853,3.5,90,0.00952853021190796,1,12.842907821945639,33.692084366898776
0.7777911913427397,608.7741342574203,355.2480950901592,212.29981596450003,3.5,270,0.34373585919938693,1,28.41258927574404,45.22409714228909
0.691810669058379,849.9892550954771,315.6647569275714,165.24437298756519,7.0,90,0.2882553836111678,3,33.83634772202356,21.96192353489604
0.996001219704272,565.6886005245797,283.7644483063423,210.7415849219238,3.5,270,0.20648587085622597,4,25.324651596987163,47.572258708896385
0.6340052677326048,619.9172098007695,357.09026322026136,128.85317004025651,7.0,270,0.1560003305463801,1,22.103819294934393,29.958565208562764
0.8787821475132545,540.2657614947167,340.7851853126828,159.61295130119564,7.0,180,0.28256354940827183,4,25.045610185322253,37.49113889608053
0.9286983770280817,721.4170562596503,305.8012679849347,116.66041717067606,3.5,270,0.32107923310790715,0,17.65341054926255,23.9506131160744
0.814355539500596,688.8722823183516,414.1122885785721,194.4383753498444,7.0,90,0.004032280835356339,3,40.64124005300211,35.49870918256138
0.744025593628857,819.2760691587075,257.14243945110906,172.0050985893655,7.0,90,0.1161551682280546,1,12.636032504105879,35.11393296880624
0.6177414919857883,549.116279526269,350.7136469203258,212.13232938158467,3.5,270,0.1777346715013075,4,31.18378041230629,36.29651491949197
0.8371389996697896,541.7928829133241,325.23897209840146,143.85262478185618,7.0,180,0.3123032385334779,0,19.06632315270324,42.621419136514696
0.9297009650093849,609.8818294903464,357.34361727040925,142.76417667907154,7.0,180,0.1277480487800621,5,21.725218271042838,16.732590427266604
0.6870421647174115,868.2848143612969,401.13283612952387,165.85981314949345,7.0,270,0.27216306067992796,1,9.166704319174979,19.430747677715573
0.6542602336662954,731.4196456698405,358.06735739351404,162.39887461741407,7.0,180,0.303542703736528,4,24.85557539392201,21.984073672788426
0.8420314063501184,835.2337302350463,346.965148761712,218.7009391628425,3.5,180,0.041809321717244566,4,28.11975754871285,46.62036135877893
0.8149699049077107,765.8190967915554,301.7322728342138,183.79919138229425,3.5,0,0.15945160857904664,1,32.875211610504714,45.29696799775793
0.6525222538940492,864.7087019927854,297.3661961155823,213.81493814005572,7.0,90,0.05133579620627633,1,7.302649911168347,34.30083777131922
0.8317497802948521,704.6012234126612,385.85288989062536,138.44229470831775,7.0,270,0.350397631977901,5,35.5352075768572,39.21256968994848
0.8560015951098315,825.783260153135,285.78792724633405,178.83472629153738,7.0,0,0.3485700693378923,5,41.70617020122469,28.508242764667116
0.6796724741786159,730.4011475730705,413.32649297421597,150.43502964346047,7.0,90,0.1327922822166375,3,17.474937199130867,39.1238402873969
0.8669815335411595,625.9008402287137,409.11469362557295,145.02036283299375,3.5,0,0.010944704769625746,5,32.83409860592986,44.98941174224255
0.8956900477580205,605.0015673595801,332.28804534663794,160.87512920057526,3.5,270,0.29861700398461366,1,25.41297280497514,15.682842755816777
0.6820529561807841,866.5038012857169,270.4557822759769,113.2114927332577,3.5,0,0.2698257292201804,2,28.24960068370996,16.796935333057174
0.6970825957245911,718.2223279700183,334.1078259480391,166.61795342263392,3.5,90,0.3052629233494492,5,21.541328030712673,29.312722197374313
0.9017430421082265,518.6021885611108,297.8992353234848,185.87324271220263,7.0,0,0.008158190341021854,1,26.320091462230618,46.350546003405626
0.6366585687141527,861.158873411644,389.1072754097964,155.00948064931194,3.5,0,0.3271514632133621,3,30.878896703330245,21.70933383319454
0.7672575308820724,727.9451427973783,258.87266855593225,132.37859175889588,3.5,180,0.024583616120550513,3,41.34815561340141,37.2105965460001
0.923689595267458,866.7832257044289,268.1524529785872,179.01108179592143,3.5,90,0.32332063710595577,0,21.41647824879172,10.78762350421119
0.7286450591781077,669.6424526928569,359.8667903241198,214.19135758372516,7.0,0,0.21458215888091306,5,27.88750093855176,40.86782834054987
0.6489315023983644,723.5815538049824,405.64471657176136,120.69473370755486,7.0,180,0.3572251295247257,4,32.903679843884,13.60795111892239
0.7539358237460861,625.1556768838522,327.6911760219903,125.06473874945594,7.0,180,0.33608022097560186,5,19.50770375680363,45.70368691081899
0.7887100784118843,789.7148361594064,364.7360425058316,155.23639769821412,3.5,180,0.18935392631558226,4,8.723231920683649,33.085110894962995
0.6859422016571014,519.8436444947453,276.81619494826555,116.57208854949275,7.0,90,0.031671149342877895,5,33.54832558382548,47.826537513814635
0.6037759298499027,755.2863996001039,394.3506603139916,157.02171104381623,3.5,180,0.2185815365432523,4,38.16098760956911,45.92109526205756
0.7457865217945994,623.2540598500402,249.47625622590164,217.33914088941486,3.5,270,0.2840912688277845,1,41.42918853912659,31.745126364037755
0.6518655274750704,542.5011410527463,352.64419954919373,173.2008123199607,7.0,90,0.19015892017697628,2,38.116383278138116,45.65470777222035
0.6644656838915223,529.2312226313056,353.32046207238994,186.85519048649869,3.5,0,0.37264026654314675,0,14.855931187321987,21.444831239704584
0.9133026074885062,697.7163676923187,333.8588064789575,112.43803933489525,3.5,270,0.3565625775134946,0,12.275742057418231,34.079865426084964
0.7757013208149185,736.3337454762571,267.3979015762841,185.83521705047232,7.0,0,0.32674746132774535,3,36.042848482060386,15.342522044522589
0.7009838147318532,801.9351445300751,314.53014486984927,201.73856832314533,7.0,270,0.35011014831045245,4,10.207452148168466,34.682207218946914
0.7118350419643876,898.8134210283266,250.54866790362473,168.18542920164617,7.0,180,0.2674131735135105,0,21.40974338669399,10.76592705290068
0.8588514060643636,796.6402381186467,258.7330660850886,171.51258874422814,7.0,90,0.3030850818316338,5,17.802176732987633,17.99494096432829
0.969217103766194,517.0718722684937,411.64660067469947,188.59055019740276,3.5,90,0.27330220751833234,0,31.58808793449996,18.596920258632547
0.9985711328813716,666.4185201437189,325.1741712970565,115.8281491839491,3.5,90,0.08222802861448152,5,40.52814869299682,46.732277257185025
0.7926751416339324,797.7970165880407,332.0565426131108,163.49395176709203,7.0,270,0.1366981389295138,3,25.155286300882395,38.47161462382928
0.8307897869045087,555.3414761185069,290.1443776855032,130.15700050369838,3.5,180,0.390526586244432,4,41.80771948358129,30.744459225021902
0.6131866134763045,553.9093923637819,276.2502806915059,206.26069963580667,3.5,180,0.3832292179815188,2,39.839385238988854,21.130272450626002
0.9938846598713204,884.4248586822713,354.3938126817511,134.1054526079613,7.0,90,0.2038250223459835,5,16.907671154948005,10.53508459197286
0.9965756744050969,822.7165993278791,338.7987961027629,180.50131429557555,7.0,180,0.03703841543671254,2,30.79546865644092,27.392358562869802
0.6956351017443408,871.5186182760351,382.70024402109567,131.96144250359373,7.0,0,0.2553286259423394,5,39.841985400933034,23.79586984623226
0.871010576229748,705.9782633186269,355.9336082941485,136.71222227250718,7.0,0,0.12616687694460293,0,33.93900339346801,37.65173164189379
0.8950028102531042,730.8760743853203,379.229888561734,132.66098461883843,3.5,270,0.1808904554543961,0,13.738116703584398,18.160123774155004
0.8789050526313353,545.2606363619118,354.6161086437142,162.7409256057325,7.0,180,0.26391734365747055,4,33.030773125234745,46.333174158547884
0.8225787546568065,789.6884878289951,412.5167320127648,131.70672329994642,7.0,90,0.28196916693305457,1,40.459806078037495,42.690908031588684
0.7959487501555745,634.2377931814182,313.8839135798368,201.6451476104231,7.0,90,0.37985076837972537,4,40.99288022114675,31.853979602327996
0.7733525726618264,889.4710269590139,348.64998277445875,141.64488720350147,7.0,270,0.05515819251343142,2,9.790783417982981,33.68527767943032
0.8295183584057978,868.7385809588682,351.60089849695515,170.43520628936116,7.0,270,0.2208321628784844,2,37.7722242291622,31.921808149865626
0.8794727557146751,558.2334612563012,257.8557985636056,188.31035257220174,7.0,90,0.17868132205315013,4,7.5277524304694525,22.371645154083364
0.9077417907197215,610.6551820290373,281.8840495896056,147.38928677597957,3.5,270,0.2980816343693921,0,31.699743382186572,32.86217090615119
0.8600010610876928,568.0088685254864,326.0350733227149,186.38280759075616,3.5,0,0.3307595192751503,2,14.336523836002279,46.37751347698474
0.6738914513988233,648.4198492158681,369.7715054451121,162.63108088089,7.0,180,0.3177008243127206,1,18.811829856125954,17.912564012224937
0.9370750760447624,896.5231178962258,365.2180558725681,165.97417456686208,3.5,90,0.34921793570283255,0,19.016477485584687,30.359722239041584
0.7280025947965142,864.2870719509078,262.4517249959188,126.93036496848624,7.0,270,0.18380929808477,4,17.053059426762726,17.451480243766635
0.7117281770961602,638.6735693388786,319.09182268922854,162.27789516251627,7.0,270,0.2454169236844176,1,42.468773113892055,34.67051643802247
0.7133731573503942,702.9167876358101,322.28481554424025,124.21462696464086,7.0,0,0.01836341549884657,5,21.54299393379508,14.497859261285642
0.8016872246685318,734.9710936917313,268.8936024546445,166.23311968184493,3.5,0,0.38310741086814115,3,40.44821062990506,40.94157602488855
0.8819986707505452,775.083330622703,409.5784939022825,160.54017629239874,3.5,270,0.15027946108628673,4,20.421363826846857,34.58688250579922
0.9059997646750266,605.9751245467204,387.4895842882798,194.1011837927487,7.0,180,0.16591213265872784,5,7.030552098679522,14.627050162126263
0.883241917181337,711.9916831838228,368.7655292243461,178.66644561732687,3.5,0,0.26645604989819793,0,42.11679653982452,20.042989136328625
0.6182094078683193,799.0066192281116,291.33589540064264,189.57964819635194,3.5,0,0.042724073007204356,0,28.041495321514763,35.95783164907945
0.7425814240126923,861.0099429621469,325.56934742988983,207.72326693093504,7.0,0,0.1301904694883733,5,9.940160271971727,34.28896544870598
0.8809500151371545,561.995742561324,315.6354183674608,133.46510522050755,7.0,180,0.032550377233081296,0,12.585132941349238,46.49834551135246
0.8231380389247143,881.6069174966508,352.9436940231887,143.5775606840804,7.0,0,0.14988114251410725,1,37.096928580059775,17.90753036033739
0.9780221529705081,841.3032002125182,403.93436429981256,168.6716274795665,3.5,270,0.2895411323512658,2,40.18401495256205,14.02114649529774
0.865903213720926,537.534226860103,263.7170019013502,159.41617643293156,7.0,0,0.23776209594740286,2,23.15404250698948,28.772337333034404
0.9705037678400269,715.5391443860972,335.4147973339372,152.7875817338751,7.0,0,0.232835645708203,2,37.93805625270908,31.01771148216113
0.710802060811185,556.9281054275631,394.15445603246695,127.85196783045511,7.0,0,0.16373677559028602,2,38.53987602530885,42.0646820040323
0.9085513103098681,680.114484621975,385.0928565088818,194.17315430635415,7.0,90,0.22485979506546788,4,13.5434864706972,18.56748875119691
0.6543285578393014,706.7593030294969,326.3328034115024,140.577262354751,3.5,90,0.36294711722690287,1,20.15467074883767,28.833435171727956
0.8765877304260542,805.0515728390981,362.7103215424462,114.22220240149144,3.5,90,0.14668592830240748,2,22.089072177411804,31.13057384549881
0.8527060638479307,885.0148254945673,335.24207285730904,156.54692033821237,7.0,180,0.10176594886664687,5,17.747155690885236,41.60354101726797
0.866865770056247,872.5726045404061,329.5506812365383,155.02820401777993,3.5,180,0.24911855600365984,4,25.380694034186845,15.333262428444582
0.9357875165699906,847.355558470971,304.4991366770782,209.9491590730771,3.5,180,0.06259488161623042,2,33.561191063986996,12.376487626197793
0.7979562794788194,520.2309063515452,324.64517109938896,187.83550512019715,3.5,90,0.1491443824125919,1,42.736081772972184,32.350813109791304
0.8747381495522852,569.2473391933685,413.86793426380194,199.53360870387934,3.5,0,0.007568405848779359,4,41.514438530662886,41.078674477884825
0.7137195984409676,874.1450905779891,349.8888136334647,213.25595897007116,7.0,270,0.14981815063827608,2,18.292129419612717,23.0595992596963
0.7919422257201956,744.478114878525,356.7434440874726,201.5067591146548,3.5,180,0.2261896472358148,0,28.003817974531863,25.016301379153045
0.9556849337838134,666.4424412927458,268.3051377165962,124.06013807211684,3.5,0,0.06519859825517997,1,30.033435506278206,46.756435787201184
0.8759265564216228,584.7169857137324,341.968373832521,134.41854145147875,3.5,90,0.18106742448017776,0,32.37830152946418,40.515286397899246
0.638529807678475,543.8458107660654,330.4582525818868,118.46133178786599,7.0,90,0.0505847060605622,2,26.761549619642807,39.37652562255607
0.6405279517487708,721.6246168970902,407.6072087427967,167.704079239237,7.0,0,0.3618111430295299,2,37.11149639523154,12.71839749512354
0.78683526840622,868.9705429536745,414.8937437332776,120.61056586304973,7.0,0,0.32408043645429235,5,30.346254494432564,31.413012647645377
0.9446171867330584,746.460292539215,272.4394389688058,174.53326509805126,3.5,90,0.37508841757139355,0,6.45559652881972,10.750136683513832
0.8150283910139061,517.6616536176639,303.23457884307703,154.453123224687,7.0,180,0.16334958128421906,1,8.786112811803141,18.94804471780895
0.8391983225436129,681.6222445849702,303.6030064392598,217.74935602157618,7.0,0,0.1393451603601426,1,20.34629985761853,28.317121547966483
0.8518082529895598,662.5098420751754,288.1473708435903,134.28241399671802,7.0,270,0.2521501825659122,4,9.7203349000461,40.134574024054935
0.6642269916042657,564.5009850237658,372.60954578112313,148.7317088439536,3.5,90,0.38448482535950435,5,7.135728934681457,25.200687722538557
0.9271997911539619,777.9565048765675,346.19385422695007,138.22739228360592,7.0,0,0.2798819843456887,5,19.40536743476512,39.03077319226487
0.7995352911986444,685.7979273446409,388.4866683617218,203.01237976796583,7.0,270,0.35593614420964803,3,14.286099374381891,40.09251873728783
0.6317878020035821,805.7493802653546,294.6253377361765,173.00536543315488,3.5,0,0.06383650583619586,5,37.029296450271914,15.117821104224866
0.8114476471168105,746.5624297554306,265.8859919781314,126.24133634540765,3.5,180,0.1589604807101421,4,33.04592926715752,34.10745994227179
0.645221112549605,656.6889031897459,322.3778804477182,118.18860096270396,7.0,180,0.1120980038770735,1,33.47451920930935,37.12230900589267
0.8945591140448994,769.295328095862,335.1851096197887,183.6217024723575,7.0,0,0.031967504017069895,0,32.60046603536898,25.886817527860746
0.7660151070940974,631.7266618839459,401.7578907388385,169.63817686336773,7.0,0,0.3550438487724908,0,30.439865227649477,11.934648094756788
0.7291746225741561,899.7931578983747,405.50739517142847,198.49468516413108,3.5,270,0.31218530050913434,1,33.4939695832658,21.260098870654872
0.6569149965769793,705.0849735831957,396.05752878225195,119.0563794788484,7.0,0,0.37365538475102444,3,30.75892643668388,31.440736283585
0.9485160921427666,796.4211387121919,381.6090214384929,210.41655173204956,3.5,0,0.0764433408685116,5,39.64444614580178,37.47398546155412
0.6227647384175701,583.7929107478853,317.76672442202243,142.2880583200701,3.5,90,0.023566450620763037,1,37.415877023142926,10.557262342414113
0.8525467277111053,817.3886205240088,355.0545227858436,210.39743211755936,3.5,90,0.39151119858302597,5,28.55996975096094,11.080399726339392
0.8752597221030969,575.0653454486473,387.2140606448078,198.10089334104893,7.0,0,0.38090221688921433,0,31.161550540911257,43.066545479598034
0.9869561235770585,703.8831195760818,376.2313352754935,176.69647392840665,7.0,90,0.15692048675861112,0,30.495154397905498,19.41629472643677
0.7401849810033176,703.603169559207,291.54533695028,206.4258031490783,7.0,270,0.02333841122183631,1,18.18665504347241,20.448315289624755
0.8596326629042172,867.0962108176402,296.0966975516827,211.6619334468864,3.5,180,0.07797351518615137,5,25.007796590797998,27.97024483512298
0.6932918284931952,550.1761701096246,390.93642612368143,168.45756993940753,3.5,90,0.2440659002053768,3,9.611593087529858,37.104605673376476
0.7176723649396265,770.069655570663,302.35145719385406,160.56583547753687,3.5,270,0.18160565693906736,2,25.835551925742003,24.26035863253215
0.9218377742470487,514.8054576062182,257.13439426294315,178.92197797463427,3.5,90,0.11391720895617637,1,23.514926525487304,26.933508068812532
0.8150587440111942,703.2738041203368,372.02943752476597,158.55721087119642,3.5,90,0.3261415911861905,5,12.745797031743615,40.384643338986855
0.6032664123611806,591.938244567583,395.15241385806064,111.99818242472755,3.5,90,0.3282701030052947,3,6.679762989392569,20.059178644465657
0.8235049638078817,676.3409945442228,363.33879123611683,184.186894431081,7.0,270,0.1422775537368722,0,32.00735957128853,30.88323510653822
0.8308783878713111,848.412086851154,306.6332778795626,129.1891439027094,7.0,270,0.39592634082074335,0,9.444346316844785,22.628118499757825
0.8167331498055626,719.6718512326994,379.86736052163087,182.25008771668658,7.0,0,0.03697393851198152,1,33.501182510645506,43.311522892450306
0.6901330174156431,781.6233250128419,408.9509168450006,186.75461271493836,7.0,90,0.29455377949416306,2,30.67911509943592,24.039735501654818
0.6258761471895482,694.0971444320971,286.8844965758745,152.45080264784596,3.5,180,0.27692733892572524,0,21.68823436039398,22.221499796265434
0.7259184510879844,858.0336404601896,406.20029027879974,152.4206599478679,3.5,180,0.05098138666949961,2,7.760835204811024,45.04765195312775
0.8153277066323792,739.7206612875243,314.11834218559625,137.61309508283816,7.0,90,0.24466410516401504,2,31.48704540415172,29.796893398662334
0.8502760694874678,588.6772757909366,350.9447802901466,187.81618206127104,3.5,0,0.21927786134962757,5,29.429598798280082,21.53702986342332
0.6853543764407077,818.0855991424834,351.3556764423923,126.04893726608977,7.0,180,0.07769505621194805,5,14.966346434384672,45.983194805925045
0.8846248080984388,589.1862104089565,326.943541069305,116.83819587529985,3.5,0,0.14880294614607115,0,9.848475538365467,39.59905733610474
0.6183579220932084,843.572147063355,339.49781751050756,195.75751834803378,7.0,0,0.27753744333638813,1,14.030770813484741,42.11428061013065
0.7388919617246728,865.0536457174094,287.9198656308367,192.76790199135226,3.5,0,0.06895231728854427,2,22.88681356181466,47.02095205723339
0.8109028490566059,768.5787415919309,410.4273972300242,159.22531137511018,7.0,0,0.15382460388786812,5,24.848465896763216,36.71741613938624
0.9312562209994102,811.7908871640373,395.4483055931141,213.90086933615854,7.0,0,0.08128249012894223,5,15.325798097618062,42.41309744704351
0.905650756762683,646.2109051394384,252.47510366716617,162.40351197459154,7.0,90,0.2575252104473813,1,26.089844685989654,18.65809431470667
0.8504100799124414,571.4866896565801,251.67054826006537,212.49253923182818,3.5,180,0.16520731703462632,3,39.44311279694012,17.807853469322335
0.758749718448455,653.905774471031,265.3702691875267,195.3330601207083,3.5,180,0.18715166356590102,3,34.612932604790586,15.224366216845008
0.9789048253123986,558.1473585141497,389.51183416100145,140.96236340512536,7.0,0,0.17925919001831084,4,26.856131763746852,11.08123846774602
0.6486905080262796,719.9040552083922,248.71392812932683,202.7997438798118,3.5,180,0.0744794828802744,0,16.378451269681257,36.89096035552898
0.9747964286136883,637.2054811674643,299.7181014067142,170.1129449151205,7.0,90,0.10303843660679478,1,9.84670937040779,27.911246600366457
0.8550799929265293,644.4833265160592,344.1348710948538,195.39092588042013,3.5,270,0.031840412610407265,3,31.982387959121148,19.39248083405691
0.88494511343447,896.3941931041037,401.2600462945696,159.80609482284055,3.5,90,0.19612413811546242,2,16.99484384510368,29.55412140126582
0.7731623306267056,570.1665998621307,313.17872247041316,198.20641834500944,7.0,180,0.03304899748218317,5,36.71761167403266,32.34795211855811
0.8042188188998974,726.4464409639279,287.75089691344203,147.9411132258551,3.5,0,0.08129352068110172,1,6.0060669371987725,29.473068519162965
0.8490896551091875,756.9525099591164,374.8600194197221,200.95482388158007,3.5,180,0.36621768037896096,4,37.140583946686874,28.30434099408593
0.7521392402309101,832.485449683993,296.91670680883584,130.7494807106882,3.5,0,0.297451718285417,4,40.92932685792715,24.652541278418298
0.867011290967272,826.7461835147232,256.13126851625304,160.79136520364634,3.5,0,0.3689349568621416,2,41.44695366325836,47.70438941017336
0.6386373797697803,820.2769609079761,277.619707606659,135.12242860796198,7.0,0,0.039295767889962675,1,8.308557220194288,43.05255310381193
0.8134997866302336,766.8553180815588,350.14005419366106,211.68374984433817,7.0,90,0.09566492074070841,4,36.782486674034125,44.67386365946288
0.639272228049069,805.513929625566,305.73976987752036,132.02581794524852,7.0,270,0.2545994240645471,3,13.445947190432426,11.687064682025701
0.7733850337354223,873.2154360609545,351.58221633904964,133.42162819414986,7.0,180,0.24831636350199152,5,19.591643471041134,12.548426347636784
0.9866805806688297,647.9584083826282,377.9911663714485,171.36674942720555,7.0,180,0.15085013600054534,5,8.807861112815718,29.8833788608764
0.6527544100612656,607.5205276237234,272.36436959857974,112.08057152295773,3.5,270,0.2991780026799579,2,40.32220214679725,43.14531839336551
0.9624644905622485,594.4618318224597,275.8460128543923,170.1535484328816,3.5,90,0.25782035667358794,0,33.51825118882426,10.571066589484683
0.7355770960755436,744.0432902103377,336.4673891543263,212.00307628283025,3.5,0,0.08669048721501667,1,41.395958381534605,23.249290842222038
0.7566888170284157,621.7951759917445,407.46346319574405,196.3894580370118,3.5,270,0.2840527759743406,3,37.50670776152683,46.251888557671364
0.7432231295891223,892.4438329952025,386.3632893905349,208.09675512858615,3.5,270,0.2664728997031111,4,19.904633926185422,33.15569694774789
0.9491202062209146,702.6146501434655,354.838385807076,216.6114934503909,7.0,270,0.12908401106926523,5,40.67686994262478,44.80153120204151
0.7099707132824177,873.6445557603696,341.23740619106934,167.49968005823473,7.0,180,0.25225049344558315,3,9.447351033848024,23.137704185145072
0.7824756147643688,811.407360237212,329.0593359099806,123.11417863904606,7.0,90,0.1556029348798903,5,24.071907775293845,10.417741836935463
0.8864048206749623,902.3496337054382,337.313887128004,123.40469206094298,3.5,90,0.10929129948337715,0,18.206973559519984,22.992461966489813
0.610556116067628,804.7640297935408,387.75885409901537,126.80010865044227,7.0,90,0.20835297496871205,1,11.943885676394501,35.09974677252898
0.7831318420258662,689.3698916156717,400.10837342510706,213.5793739775634,7.0,270,0.2725006304821641,3,12.953735339349375,42.09239107557108
0.8466194748038766,721.0081278508068,394.70043141437793,182.51768153030514,3.5,270,0.06649154739586445,4,28.756482597805014,11.234862913431007
0.6238406936011652,549.3952402529367,344.76499077435227,125.1765647137015,3.5,0,0.05950638505546309,1,6.298516964207533,14.337437479353515
0.9402056750826707,799.2023721105325,328.1185425960366,178.847650457329,7.0,270,0.3975812607009276,1,7.112233242403873,36.4972386059023
0.719859671577552,689.2272001744069,277.1805340942776,133.6912242446427,3.5,270,0.05621170146558346,2,19.93792465880085,13.238533263476196
0.9718717772736802,704.365734698429,409.3987772704584,197.05561474284713,7.0,270,0.3651389586048881,5,27.460105966000672,35.45934356651562
0.7470326809022568,540.234989243846,297.27074727329136,161.98837535966263,7.0,0,0.1532773973864774,0,11.586428755111658,13.141296670257601
0.8733881103881928,825.5241882432742,316.66428075743266,150.24088682455,3.5,270,0.2184862059280233,4,18.03314656943455,45.95301959061585
0.9058183077515637,586.8178702578739,360.3594006538554,153.61585085760478,3.5,0,0.12413395731060756,4,17.41355463143349,23.425838206880044
0.8880349211248116,624.6833325257967,353.2438923780353,217.2263274669013,7.0,90,0.32518438408586164,5,14.403054889890283,14.640565244939722
0.6592417746297364,758.4250693211146,276.4801136792275,113.27163510337483,3.5,90,0.13620071753718352,3,14.217800706157773,10.446045036280974
0.7567245953854654,803.879602840707,408.14190197673986,185.92888631367416,3.5,0,0.14284713166744548,4,32.437722201626634,44.95083482213276
0.968842413241531,550.6080343498437,375.7337462541951,197.75498122421556,7.0,90,0.135915233319332,1,17.38484267707592,34.226783414233296
0.7183797127726632,612.4024356413133,261.6688906463733,184.39251494174897,7.0,270,0.2620671842727575,4,6.240956588402857,22.5228014231028
0.9985179303196081,857.5282624341611,322.61445060971363,216.9585682780552,3.5,270,0.364457942251924,4,32.87515594403965,17.420653975350206
0.9242494725200803,874.4093531138809,271.81571506432044,203.65525239745196,3.5,90,0.30419609287321814,5,24.751296794957543,30.99584212845901
0.9615192408110738,713.7083102832222,265.53036885569173,167.37587889980577,7.0,0,0.19278672840067967,3,40.82648374745846,34.2707757092782
0.7897269460075511,903.822236366898,249.9871591568859,142.40899944445133,7.0,90,0.26335316631312716,2,18.490316516579103,12.154927114694267
0.9128582986410432,644.7393995427362,347.9072317337767,215.5561252519583,3.5,90,0.2962163870068694,4,37.44420858187925,42.85422851773484
0.6690152108274343,668.4456471491402,320.405814224993,136.45516187413276,7.0,270,0.1804789702434175,5,37.93879541769368,25.823183075261
0.6902245144896506,727.1180699203511,314.8332789733837,189.78444520622364,3.5,180,0.17211802025582018,2,8.335399426944388,31.702332619952053
0.9584254136737284,531.0816577100062,370.8492122532872,199.9108755001793,7.0,180,0.1976992029851343,2,31.902090689125732,37.91613810793422
0.8635099090467433,664.7529557876261,290.47289879687077,126.39028597942699,3.5,180,0.26115647769376776,3,30.960250453801894,25.0634779885594
0.9004867093764917,780.7619457987239,390.32355998012633,116.60798110419859,7.0,0,0.03669937525695799,3,15.83160543744391,40.788085469895705
0.9996452012759894,527.041520516852,305.2722898824444,148.63922052545396,7.0,180,0.16408346684451278,3,8.746912979925012,41.918731655216526
0.947769799326495,875.9523185541422,254.54074022315007,153.60900393026176,3.5,180,0.3419975942530505,2,18.110455615007076,42.35420480467616
0.7731620888349209,762.0873856714595,320.68164693945624,203.80022854759034,7.0,90,0.3200587735948014,0,16.938211541731498,23.79466346178838
0.7753423502489728,651.4217714427735,401.5682249224992,142.0105144502118,3.5,0,0.14385653170870896,5,24.975313179757592,16.752486155165077
0.8603660300312328,555.3257273215396,331.4907240478283,207.57611028294775,7.0,180,0.23211068488035147,4,36.27370564347365,34.46413064640527
0.8950530326256347,898.0166753462286,316.131604296075,219.55815799213084,3.5,270,0.37494657108971313,5,7.307235278657971,45.98475640653334
0.8466102395628241,831.6560144128848,248.0909455409552,180.00480401341247,3.5,90,0.23817607964709664,2,37.281528222949376,39.754001619163645
0.682969450931073,884.5261260101478,296.4468168848405,201.49139892548502,3.5,270,0.014671337554283426,0,22.830368433272508,35.78967014775941
0.7484864345487939,749.1082775250686,280.11057080575614,141.00184169646002,7.0,180,0.1609297527256299,0,36.1925800054059,27.29734181859536
0.9608747613626561,700.4818415430666,402.2073096142012,121.86358459046059,3.5,270,0.20868632165830917,3,27.4955197383391,26.23082491569741
0.6771472216327455,538.723882849046,413.94694654316953,179.29811053460423,7.0,90,0.05933129587484203,3,12.822446927795486,43.94255141045241
0.8999681508805643,807.9542768265911,362.58529214816235,119.62261184060279,3.5,90,0.33617543692458274,1,41.67400500187392,46.42513823674341
0.9426823099455817,533.9335394797338,291.87223033950124,113.18862385129239,7.0,180,0.20568082298411597,4,25.06164988814936,11.9234597722833
0.9070347558950101,796.0391828812286,315.48396838700836,190.50302291772985,7.0,0,0.33533895440587486,1,16.2754492465166,40.33120178012591
0.6720953170712178,518.7335803516665,412.7035593185726,183.9429741615643,3.5,0,0.18037374004857953,4,27.505859417510198,44.422401256939864
0.7268886097227419,708.8384698974377,370.24066385807987,145.6565944198971,7.0,180,0.17140589178843127,3,37.551949161469366,36.6189778446435
0.9780083723259558,571.3180091030785,301.035179315573,133.86874886687468,3.5,270,0.37220969511850255,5,25.986037873399397,45.502602746428494
0.7279941718211727,881.1363471311239,377.4338042484475,161.50235305436863,3.5,270,0.23666781099435333,5,17.90044287431422,17.0906765558119
0.9642350548560458,824.497831985636,364.70713933820133,174.30278444953348,3.5,90,0.29134570642060253,1,18.308505800836077,21.79230273535319
0.9063658178009616,574.8056435681104,387.4942292364404,117.75257469412824,3.5,0,0.3189350233842958,3,9.238456314420356,16.043941638554024
0.9795692065063807,717.6655035234938,263.7566118509505,124.72114940335442,7.0,0,0.3851142058945367,3,8.29766732889362,47.2853993375344
0.7622291263099118,779.4082430892637,303.99139687748664,132.2645354847989,7.0,180,0.024306908087970893,3,34.07692786607591,26.27209494151264
0.8087919199300788,826.8030439528633,366.9225608283205,165.22459052493494,7.0,180,0.11127268862719997,1,12.034282078508982,34.6156265158836
0.6128605902676177,752.3656933549903,246.92931719585974,112.55151486470713,3.5,0,0.22116928205117428,0,39.65154861407721,10.204719737447192
0.6594327616580512,559.8038006049446,337.11186937676877,165.6277449338263,7.0,90,0.13668021641265748,0,21.517100459414205,34.50165086439661
0.8314069562432038,625.8488877724852,320.21783584147107,219.10552780977778,7.0,180,0.10145157161876713,5,20.788359268882278,34.69521495124751
0.6123598220511288,721.5218838894674,368.98888004423543,115.10055227647194,7.0,180,0.17259854296864333,4,42.586063721326106,42.644113474147225
0.6145594145556732,538.4348625323893,375.3011519559525,137.21554773768204,3.5,270,0.17795601894665933,1,12.595816138255296,11.117871790191982
0.6796625366087458,836.4314268776122,401.21509441077313,119.74661627661604,3.5,90,0.06917956875747522,3,34.065252704846195,25.572664773792198
0.7699062458812239,807.1820854535798,307.2770016455925,138.4549110218784,7.0,270,0.2810069617809185,1,37.91451828451085,18.621953152305768
0.6604469683176334,555.7278090596611,303.23924644342503,178.11961062792685,3.5,90,0.3841786501735902,0,31.015675248290705,14.768000680923883
0.8150536759065404,676.1986102611452,267.7117925689797,164.0475132821497,3.5,180,0.29066741048075156,3,22.021136402382346,10.639485125552293
0.6181073862621208,611.8312993351108,268.2223123874477,133.03668476640675,7.0,180,0.11481260746650489,2,27.081311555628062,13.644369106223138
0.7392995671941012,807.7138006325756,280.3841087818719,162.25425757012965,3.5,180,0.07330972086345988,5,11.81088160623153,38.46060590649438
0.7399277242649712,851.2722451704872,291.604243017911,142.16861966694637,7.0,90,0.3033633614053305,4,33.575294183054325,13.061568817827286
0.7241108100371894,878.9465456889152,293.55665673870396,110.43344866928737,3.5,90,0.3186441038436184,0,28.238564295278547,10.628874077383498
0.7155534714655876,878.7114022607512,359.6656230694188,155.83865573430614,3.5,180,0.22805740762184856,1,38.58627486329482,44.12959470695176
0.789493914191773,871.8035184888315,383.535148259387,122.10651483770953,7.0,90,0.12533387142151772,1,34.4213686365795,32.870664236292725
0.6559946159756985,581.165884908843,355.0412630663939,218.72381974202872,7.0,180,0.015424957689966635,5,13.757753035695776,16.96606737305024
0.8289026622190694,769.7597519631846,316.2521500880408,178.6328644342654,3.5,180,0.23268737599734945,0,39.010117498414715,16.81711262936133
0.863092543997676,637.6286738715008,254.5983872268899,138.84632015039486,7.0,270,0.09546075605491736,5,40.83116507705683,23.915944841933943
0.8434756925797886,833.1976872802702,339.0381887880814,179.60935393124456,7.0,0,0.09778231016721915,1,34.594377970711875,33.80535728166112
0.7445601014262041,820.2666347801414,362.60218899445994,146.41316346254547,3.5,0,0.19057708208212465,0,28.192928540296304,40.24990432513291
0.7695108141984813,705.03641009516,303.98348055094647,207.58734416321434,7.0,270,0.07183190350142339,0,36.05704507320028,30.006296055928964
0.9758919893386379,761.1162016935364,380.092482253799,157.5211140597898,3.5,180,0.05698943725788302,0,25.673702558620697,28.044206568251877
0.8629700200812048,636.7999948085269,351.2941010363175,172.40037101665936,3.5,90,0.1395481759508603,5,37.71961318631123,11.848205986095685
0.7565459440213821,756.7297935252407,410.15303704339124,171.81973802648687,3.5,0,0.36609625308930993,5,14.24717688207953,43.01850534760103
0.7500824182605997,752.0816136584815,410.44597039374787,183.97005249534297,7.0,90,0.3826891155663765,0,10.415423884198331,43.93382913447125
0.6545916801437215,720.4545184788832,285.3655037567291,168.5951271728141,7.0,270,0.007835129416104314,0,8.266655199900953,23.300404406384313
0.9440706313005548,638.4943224423206,271.04890737241675,213.6035948762899,3.5,270,0.07386320484497243,1,41.445429816865094,22.086682495015655
0.9610461104597561,856.3772487659983,315.60571592548956,217.96739250785873,3.5,270,0.15180563921044887,0,36.039986677834634,38.58001547234016
0.817960400682833,595.390519835829,375.39824662601575,120.29933098717265,3.5,0,0.3034972756179316,3,11.75611097860901,17.68025031216058
0.8945999007878088,544.9531229445208,264.7592353191758,192.6135362071377,3.5,180,0.3719001189789868,1,19.520146108130252,29.39781810824931
0.9203365370288384,681.736004111523,413.00362116324123,209.0765036156876,7.0,270,0.2762952947340673,3,7.226815078093708,29.592752612121014
0.9657045653226322,613.8123054254892,291.8228531999159,162.74446212030932,3.5,270,0.023906344418332948,2,28.95660824824118,33.65560135712927
0.8003732181560168,639.7300591369196,352.4778391984833,135.41134831490746,3.5,180,0.05278463064735659,3,18.52301030304256,24.856224019019745
0.9751850450989388,724.2645162638589,399.6827851574997,143.24340877978284,3.5,0,0.18438730784219684,4,40.324719940456504,47.72660815239699
0.9277279483526166,543.5177592116778,381.51952131508693,181.66131207015812,7.0,180,0.28537781617816455,0,25.964946309204343,12.933418796997298
0.6487093050848041,782.5065815826317,287.81474686563337,134.32241432219232,7.0,0,0.04233280745728303,4,21.80477077285613,13.129280294819374
0.8039767975442148,767.6881691311778,387.28770596151793,213.06217608932067,3.5,180,0.16653479480829125,4,24.662088969795526,32.63073395020293
0.9274256179925026,560.5502150532344,314.39652717920563,151.70153460572828,3.5,270,0.37256766954710147,2,34.383292023782545,28.540963092526123
0.9994579829955017,590.2637023271175,353.89182994534366,158.64732232317107,7.0,180,0.19534720166494304,4,28.097075071352805,10.266731778314957
0.7358836195959308,595.30359403321,401.5761155198992,136.03489947105635,7.0,180,0.3275001365848793,3,6.974157272705898,12.48704569409318
0.694425757983209,586.2807485702469,372.3462831422367,123.57354584245341,3.5,90,0.028141817213993028,3,32.34043258582881,41.94748755376722
0.855041224095985,649.0673966119778,407.32272655122046,168.9021486799539,7.0,90,0.11748194870837461,4,12.088590387381055,14.41986588342441
0.6103977486132867,626.1773796068701,410.8390250926934,126.81115138352754,3.5,0,0.2134057256253602,3,36.762307899934584,33.295288989794344
0.6298631881985602,724.2055295113705,356.0885561571721,185.97655017587286,7.0,270,0.08217537679785468,2,25.784238591917983,39.3039007527882
0.9023460530631507,846.3312720900311,412.6896635738721,213.59703302889653,3.5,180,0.18065249363827665,4,42.22757483477235,32.705229670401344
0.9482881504833748,516.7537122780763,382.7010236192782,203.16835963427957,7.0,180,0.22989691070275853,3,30.50502323485595,11.698205470508633
0.9374486113646265,879.4651777714531,381.26050224586334,193.7649282400916,7.0,180,0.17598755074514882,4,22.77929630281465,23.673725546458993
0.8154953327374976,761.3343361310237,392.7996605214135,189.38704229690558,3.5,180,0.21325325250909397,2,7.191477036336989,12.131404386934607
0.9622109921589677,767.5229808046689,374.37505509034787,198.32769965671852,3.5,0,0.2612784393220809,4,20.235299424802207,28.596200693622198
0.9855348894961051,844.0250495543921,289.5174473679281,202.13275475223878,7.0,270,0.01782503792781345,0,21.79859514343748,25.783201702576935
0.8487946843397919,785.5233519678825,333.2399810670633,119.6871153866974,7.0,90,0.0839843818561985,0,26.20996603431565,19.62397152191158
0.8693330427020006,516.3678133569299,412.66343635209137,214.19700605161796,7.0,90,0.22701792026435177,2,6.096352519926554,42.54868916904522
0.9614447429562576,645.6998620675453,283.8314266760617,217.7792118044957,7.0,90,0.03595727876900181,3,6.332797701047523,23.233689954932146
0.9101535581965974,772.9855274834665,292.06360552533346,132.7811719300783,7.0,180,0.01095344629079529,3,31.291481448196745,22.74549363427067
